::1 - - [26/Aug/2021:07:05:39 +0000] "GET /admin/downloadLog HTTP/1.1" - - "http://localhost:3332/admin/getLogs" "Mozilla/5.0 (X11; Linux x86_64) AppleWebKit/537.36 (KHTML, like Gecko) Chrome/92.0.4515.159 Safari/537.36"
::1 - - [26/Aug/2021:07:05:40 +0000] "GET /admin/getLogs HTTP/1.1" 200 44899 "http://localhost:3332/admin/getLogs" "Mozilla/5.0 (X11; Linux x86_64) AppleWebKit/537.36 (KHTML, like Gecko) Chrome/92.0.4515.159 Safari/537.36"
::1 - - [26/Aug/2021:07:06:33 +0000] "GET /admin/getLogs HTTP/1.1" 304 - "http://localhost:3332/admin/getLogs" "Mozilla/5.0 (X11; Linux x86_64) AppleWebKit/537.36 (KHTML, like Gecko) Chrome/92.0.4515.159 Safari/537.36"
::1 - - [26/Aug/2021:07:06:36 +0000] "GET /admin/downloadLog HTTP/1.1" 500 3129 "http://localhost:3332/admin/getLogs" "Mozilla/5.0 (X11; Linux x86_64) AppleWebKit/537.36 (KHTML, like Gecko) Chrome/92.0.4515.159 Safari/537.36"
::1 - - [26/Aug/2021:07:27:19 +0000] "GET / HTTP/1.1" 304 - "-" "Mozilla/5.0 (X11; Linux x86_64) AppleWebKit/537.36 (KHTML, like Gecko) Chrome/92.0.4515.159 Safari/537.36"
::1 - - [26/Aug/2021:07:27:22 +0000] "POST /login HTTP/1.1" 302 66 "http://localhost:3332/" "Mozilla/5.0 (X11; Linux x86_64) AppleWebKit/537.36 (KHTML, like Gecko) Chrome/92.0.4515.159 Safari/537.36"
::1 - - [26/Aug/2021:07:27:22 +0000] "GET /app/home/1 HTTP/1.1" 304 - "http://localhost:3332/" "Mozilla/5.0 (X11; Linux x86_64) AppleWebKit/537.36 (KHTML, like Gecko) Chrome/92.0.4515.159 Safari/537.36"
::1 - - [26/Aug/2021:07:27:24 +0000] "GET /admin/getLogs HTTP/1.1" 500 3051 "http://localhost:3332/app/home/1" "Mozilla/5.0 (X11; Linux x86_64) AppleWebKit/537.36 (KHTML, like Gecko) Chrome/92.0.4515.159 Safari/537.36"
::1 - - [26/Aug/2021:07:56:01 +0000] "GET /app/register HTTP/1.1" 304 - "http://localhost:3332/app/home/1" "Mozilla/5.0 (X11; Linux x86_64) AppleWebKit/537.36 (KHTML, like Gecko) Chrome/92.0.4515.159 Safari/537.36"
::1 - - [26/Aug/2021:07:56:21 +0000] "GET /app/register HTTP/1.1" 304 - "http://localhost:3332/admin/getLogs" "Mozilla/5.0 (X11; Linux x86_64) AppleWebKit/537.36 (KHTML, like Gecko) Chrome/92.0.4515.159 Safari/537.36"
::1 - - [26/Aug/2021:07:56:29 +0000] "GET /app/register HTTP/1.1" 200 3784 "http://localhost:3332/admin/getLogs" "Mozilla/5.0 (X11; Linux x86_64) AppleWebKit/537.36 (KHTML, like Gecko) Chrome/92.0.4515.159 Safari/537.36"
::1 - - [26/Aug/2021:07:56:30 +0000] "GET /favicon.ico HTTP/1.1" 404 3044 "http://localhost:3332/app/register" "Mozilla/5.0 (X11; Linux x86_64) AppleWebKit/537.36 (KHTML, like Gecko) Chrome/92.0.4515.159 Safari/537.36"
::1 - - [26/Aug/2021:07:56:55 +0000] "GET /app/register HTTP/1.1" 200 3784 "http://localhost:3332/app/home/1" "Mozilla/5.0 (X11; Linux x86_64) AppleWebKit/537.36 (KHTML, like Gecko) Chrome/92.0.4515.159 Safari/537.36"
::1 - - [26/Aug/2021:07:56:55 +0000] "GET /favicon.ico HTTP/1.1" 404 3044 "http://localhost:3332/app/register" "Mozilla/5.0 (X11; Linux x86_64) AppleWebKit/537.36 (KHTML, like Gecko) Chrome/92.0.4515.159 Safari/537.36"
::1 - - [26/Aug/2021:07:57:19 +0000] "GET /app/register HTTP/1.1" 304 - "http://localhost:3332/app/home/1" "Mozilla/5.0 (X11; Linux x86_64) AppleWebKit/537.36 (KHTML, like Gecko) Chrome/92.0.4515.159 Safari/537.36"
::1 - - [26/Aug/2021:07:57:26 +0000] "GET /app/register HTTP/1.1" 200 3784 "http://localhost:3332/admin/getLogs" "Mozilla/5.0 (X11; Linux x86_64) AppleWebKit/537.36 (KHTML, like Gecko) Chrome/92.0.4515.159 Safari/537.36"
::1 - - [26/Aug/2021:07:57:26 +0000] "GET /favicon.ico HTTP/1.1" 404 3044 "http://localhost:3332/app/register" "Mozilla/5.0 (X11; Linux x86_64) AppleWebKit/537.36 (KHTML, like Gecko) Chrome/92.0.4515.159 Safari/537.36"
::1 - - [27/Aug/2021:10:25:36 +0000] "GET / HTTP/1.1" 200 2690 "-" "Mozilla/5.0 (X11; Linux x86_64) AppleWebKit/537.36 (KHTML, like Gecko) Chrome/92.0.4515.159 Safari/537.36"
::1 - - [27/Aug/2021:10:55:43 +0000] "GET / HTTP/1.1" 304 - "-" "Mozilla/5.0 (X11; Linux x86_64) AppleWebKit/537.36 (KHTML, like Gecko) Chrome/92.0.4515.159 Safari/537.36"
::1 - - [28/Aug/2021:08:09:16 +0000] "GET / HTTP/1.1" 304 - "-" "Mozilla/5.0 (X11; Linux x86_64) AppleWebKit/537.36 (KHTML, like Gecko) Chrome/92.0.4515.159 Safari/537.36"
::1 - - [28/Aug/2021:08:09:18 +0000] "GET /favicon.ico HTTP/1.1" 404 3044 "http://localhost:3332/" "Mozilla/5.0 (X11; Linux x86_64) AppleWebKit/537.36 (KHTML, like Gecko) Chrome/92.0.4515.159 Safari/537.36"
::1 - - [28/Aug/2021:08:09:20 +0000] "POST /login HTTP/1.1" 302 66 "http://localhost:3332/" "Mozilla/5.0 (X11; Linux x86_64) AppleWebKit/537.36 (KHTML, like Gecko) Chrome/92.0.4515.159 Safari/537.36"
::1 - - [28/Aug/2021:08:09:20 +0000] "GET /app/home/1 HTTP/1.1" 200 3910 "http://localhost:3332/" "Mozilla/5.0 (X11; Linux x86_64) AppleWebKit/537.36 (KHTML, like Gecko) Chrome/92.0.4515.159 Safari/537.36"
::1 - - [28/Aug/2021:08:54:43 +0000] "GET /app/MyDocs HTTP/1.1" 200 4227 "http://localhost:3332/app/home/1" "Mozilla/5.0 (X11; Linux x86_64) AppleWebKit/537.36 (KHTML, like Gecko) Chrome/92.0.4515.159 Safari/537.36"
::1 - - [28/Aug/2021:08:58:36 +0000] "GET /app/MyDocs HTTP/1.1" 200 4381 "http://localhost:3332/app/MyDocs" "Mozilla/5.0 (X11; Linux x86_64) AppleWebKit/537.36 (KHTML, like Gecko) Chrome/92.0.4515.159 Safari/537.36"
::1 - - [28/Aug/2021:09:14:07 +0000] "GET /app/MyDocs HTTP/1.1" 200 4368 "http://localhost:3332/app/MyDocs" "Mozilla/5.0 (X11; Linux x86_64) AppleWebKit/537.36 (KHTML, like Gecko) Chrome/92.0.4515.159 Safari/537.36"
::1 - - [28/Aug/2021:09:15:08 +0000] "GET /app/MyDocs HTTP/1.1" 304 - "http://localhost:3332/app/MyDocs" "Mozilla/5.0 (X11; Linux x86_64) AppleWebKit/537.36 (KHTML, like Gecko) Chrome/92.0.4515.159 Safari/537.36"
::1 - - [28/Aug/2021:09:23:29 +0000] "GET /app/MyDocs HTTP/1.1" 304 - "http://localhost:3332/app/MyDocs" "Mozilla/5.0 (X11; Linux x86_64) AppleWebKit/537.36 (KHTML, like Gecko) Chrome/92.0.4515.159 Safari/537.36"
::1 - - [28/Aug/2021:09:23:53 +0000] "GET /app/MyDocs HTTP/1.1" 304 - "http://localhost:3332/app/MyDocs" "Mozilla/5.0 (X11; Linux x86_64) AppleWebKit/537.36 (KHTML, like Gecko) Chrome/92.0.4515.159 Safari/537.36"
::1 - - [28/Aug/2021:09:25:21 +0000] "GET /app/MyDocs HTTP/1.1" 304 - "http://localhost:3332/app/MyDocs" "Mozilla/5.0 (X11; Linux x86_64) AppleWebKit/537.36 (KHTML, like Gecko) Chrome/92.0.4515.159 Safari/537.36"
::1 - - [28/Aug/2021:09:26:32 +0000] "GET /app/MyDocs HTTP/1.1" 304 - "http://localhost:3332/app/MyDocs" "Mozilla/5.0 (X11; Linux x86_64) AppleWebKit/537.36 (KHTML, like Gecko) Chrome/92.0.4515.159 Safari/537.36"
::1 - - [28/Aug/2021:11:32:53 +0000] "GET /app/MyDocs HTTP/1.1" 304 - "http://localhost:3332/app/MyDocs" "Mozilla/5.0 (X11; Linux x86_64) AppleWebKit/537.36 (KHTML, like Gecko) Chrome/92.0.4515.159 Safari/537.36"
::1 - - [28/Aug/2021:11:33:08 +0000] "GET /app/home/1 HTTP/1.1" 304 - "http://localhost:3332/app/MyDocs" "Mozilla/5.0 (X11; Linux x86_64) AppleWebKit/537.36 (KHTML, like Gecko) Chrome/92.0.4515.159 Safari/537.36"
::1 - - [28/Aug/2021:11:33:11 +0000] "GET /app/home/1 HTTP/1.1" 304 - "http://localhost:3332/app/MyDocs" "Mozilla/5.0 (X11; Linux x86_64) AppleWebKit/537.36 (KHTML, like Gecko) Chrome/92.0.4515.159 Safari/537.36"
::1 - - [28/Aug/2021:11:38:27 +0000] "GET /app/home/1 HTTP/1.1" 200 3910 "http://localhost:3332/app/MyDocs" "Mozilla/5.0 (X11; Linux x86_64) AppleWebKit/537.36 (KHTML, like Gecko) Chrome/92.0.4515.159 Safari/537.36"
::1 - - [28/Aug/2021:11:38:28 +0000] "GET /favicon.ico HTTP/1.1" 404 3044 "http://localhost:3332/app/home/1" "Mozilla/5.0 (X11; Linux x86_64) AppleWebKit/537.36 (KHTML, like Gecko) Chrome/92.0.4515.159 Safari/537.36"
::1 - - [28/Aug/2021:11:38:31 +0000] "GET /app/MyDocs HTTP/1.1" 200 4368 "http://localhost:3332/app/home/1" "Mozilla/5.0 (X11; Linux x86_64) AppleWebKit/537.36 (KHTML, like Gecko) Chrome/92.0.4515.159 Safari/537.36"
::1 - - [28/Aug/2021:11:57:42 +0000] "GET /app/MyDocs HTTP/1.1" 304 - "http://localhost:3332/app/home/1" "Mozilla/5.0 (X11; Linux x86_64) AppleWebKit/537.36 (KHTML, like Gecko) Chrome/92.0.4515.159 Safari/537.36"
::1 - - [28/Aug/2021:11:58:29 +0000] "GET /app/MyDocs HTTP/1.1" 304 - "http://localhost:3332/app/home/1" "Mozilla/5.0 (X11; Linux x86_64) AppleWebKit/537.36 (KHTML, like Gecko) Chrome/92.0.4515.159 Safari/537.36"
::1 - - [28/Aug/2021:12:00:59 +0000] "GET /app/MyDocs HTTP/1.1" 304 - "http://localhost:3332/app/home/1" "Mozilla/5.0 (X11; Linux x86_64) AppleWebKit/537.36 (KHTML, like Gecko) Chrome/92.0.4515.159 Safari/537.36"
::1 - - [28/Aug/2021:12:06:39 +0000] "GET /app/MyDocs HTTP/1.1" 304 - "http://localhost:3332/app/home/1" "Mozilla/5.0 (X11; Linux x86_64) AppleWebKit/537.36 (KHTML, like Gecko) Chrome/92.0.4515.159 Safari/537.36"
::1 - - [28/Aug/2021:12:10:22 +0000] "GET /app/MyDocs HTTP/1.1" 304 - "http://localhost:3332/app/home/1" "Mozilla/5.0 (X11; Linux x86_64) AppleWebKit/537.36 (KHTML, like Gecko) Chrome/92.0.4515.159 Safari/537.36"
::1 - - [28/Aug/2021:12:10:59 +0000] "GET /app/MyDocs? HTTP/1.1" 200 4368 "http://localhost:3332/app/MyDocs" "Mozilla/5.0 (X11; Linux x86_64) AppleWebKit/537.36 (KHTML, like Gecko) Chrome/92.0.4515.159 Safari/537.36"
::1 - - [28/Aug/2021:13:01:52 +0000] "GET /app/MyDocs? HTTP/1.1" 304 - "http://localhost:3332/app/MyDocs" "Mozilla/5.0 (X11; Linux x86_64) AppleWebKit/537.36 (KHTML, like Gecko) Chrome/92.0.4515.159 Safari/537.36"
::1 - - [28/Aug/2021:13:02:02 +0000] "GET /app/MyDocs? HTTP/1.1" 304 - "http://localhost:3332/app/MyDocs?" "Mozilla/5.0 (X11; Linux x86_64) AppleWebKit/537.36 (KHTML, like Gecko) Chrome/92.0.4515.159 Safari/537.36"
::1 - - [28/Aug/2021:13:03:35 +0000] "GET /app/MyDocs? HTTP/1.1" 304 - "http://localhost:3332/app/MyDocs?" "Mozilla/5.0 (X11; Linux x86_64) AppleWebKit/537.36 (KHTML, like Gecko) Chrome/92.0.4515.159 Safari/537.36"
::1 - - [28/Aug/2021:13:04:01 +0000] "GET /app/MyDocs? HTTP/1.1" 304 - "http://localhost:3332/app/MyDocs?" "Mozilla/5.0 (X11; Linux x86_64) AppleWebKit/537.36 (KHTML, like Gecko) Chrome/92.0.4515.159 Safari/537.36"
::1 - - [28/Aug/2021:13:04:15 +0000] "GET /app/MyDocs? HTTP/1.1" 304 - "http://localhost:3332/app/MyDocs?" "Mozilla/5.0 (X11; Linux x86_64) AppleWebKit/537.36 (KHTML, like Gecko) Chrome/92.0.4515.159 Safari/537.36"
::1 - - [28/Aug/2021:13:04:52 +0000] "GET /app/MyDocs HTTP/1.1" 304 - "http://localhost:3332/app/home/1" "Mozilla/5.0 (X11; Linux x86_64) AppleWebKit/537.36 (KHTML, like Gecko) Chrome/92.0.4515.159 Safari/537.36"
::1 - - [28/Aug/2021:13:05:25 +0000] "GET /app/MyDocs HTTP/1.1" 304 - "http://localhost:3332/app/home/1" "Mozilla/5.0 (X11; Linux x86_64) AppleWebKit/537.36 (KHTML, like Gecko) Chrome/92.0.4515.159 Safari/537.36"
::1 - - [28/Aug/2021:13:05:41 +0000] "GET /app/MyDocs? HTTP/1.1" 304 - "http://localhost:3332/app/MyDocs" "Mozilla/5.0 (X11; Linux x86_64) AppleWebKit/537.36 (KHTML, like Gecko) Chrome/92.0.4515.159 Safari/537.36"
::1 - - [28/Aug/2021:13:09:02 +0000] "GET /app/MyDocs? HTTP/1.1" 304 - "http://localhost:3332/app/MyDocs" "Mozilla/5.0 (X11; Linux x86_64) AppleWebKit/537.36 (KHTML, like Gecko) Chrome/92.0.4515.159 Safari/537.36"
::1 - - [28/Aug/2021:13:09:06 +0000] "GET /app/MyDocs HTTP/1.1" 304 - "http://localhost:3332/app/home/1" "Mozilla/5.0 (X11; Linux x86_64) AppleWebKit/537.36 (KHTML, like Gecko) Chrome/92.0.4515.159 Safari/537.36"
::1 - - [28/Aug/2021:13:15:21 +0000] "GET /app/MyDocs HTTP/1.1" 304 - "http://localhost:3332/app/home/1" "Mozilla/5.0 (X11; Linux x86_64) AppleWebKit/537.36 (KHTML, like Gecko) Chrome/92.0.4515.159 Safari/537.36"
::1 - - [28/Aug/2021:13:15:29 +0000] "GET /app/MyDocs? HTTP/1.1" 304 - "http://localhost:3332/app/MyDocs" "Mozilla/5.0 (X11; Linux x86_64) AppleWebKit/537.36 (KHTML, like Gecko) Chrome/92.0.4515.159 Safari/537.36"
::1 - - [28/Aug/2021:13:16:11 +0000] "GET /app/MyDocs? HTTP/1.1" 304 - "http://localhost:3332/app/MyDocs" "Mozilla/5.0 (X11; Linux x86_64) AppleWebKit/537.36 (KHTML, like Gecko) Chrome/92.0.4515.159 Safari/537.36"
::1 - - [28/Aug/2021:13:16:14 +0000] "GET /app/MyDocs HTTP/1.1" 304 - "-" "Mozilla/5.0 (X11; Linux x86_64) AppleWebKit/537.36 (KHTML, like Gecko) Chrome/92.0.4515.159 Safari/537.36"
::1 - - [28/Aug/2021:13:16:24 +0000] "POST /app/MyDocs HTTP/1.1" 404 3044 "http://localhost:3332/app/MyDocs" "Mozilla/5.0 (X11; Linux x86_64) AppleWebKit/537.36 (KHTML, like Gecko) Chrome/92.0.4515.159 Safari/537.36"
::1 - - [28/Aug/2021:13:16:59 +0000] "POST /app/MyDocs HTTP/1.1" 404 3044 "http://localhost:3332/app/MyDocs" "Mozilla/5.0 (X11; Linux x86_64) AppleWebKit/537.36 (KHTML, like Gecko) Chrome/92.0.4515.159 Safari/537.36"
::1 - - [28/Aug/2021:13:17:01 +0000] "POST /app/MyDocs HTTP/1.1" 404 3044 "http://localhost:3332/app/MyDocs" "Mozilla/5.0 (X11; Linux x86_64) AppleWebKit/537.36 (KHTML, like Gecko) Chrome/92.0.4515.159 Safari/537.36"
::1 - - [28/Aug/2021:13:17:06 +0000] "GET /app/MyDocs HTTP/1.1" 304 - "-" "Mozilla/5.0 (X11; Linux x86_64) AppleWebKit/537.36 (KHTML, like Gecko) Chrome/92.0.4515.159 Safari/537.36"
::1 - - [28/Aug/2021:13:17:21 +0000] "GET /app/MyDocs? HTTP/1.1" 304 - "http://localhost:3332/app/MyDocs" "Mozilla/5.0 (X11; Linux x86_64) AppleWebKit/537.36 (KHTML, like Gecko) Chrome/92.0.4515.159 Safari/537.36"
::1 - - [28/Aug/2021:13:18:48 +0000] "GET /app/MyDocs? HTTP/1.1" 304 - "http://localhost:3332/app/MyDocs?" "Mozilla/5.0 (X11; Linux x86_64) AppleWebKit/537.36 (KHTML, like Gecko) Chrome/92.0.4515.159 Safari/537.36"
::1 - - [28/Aug/2021:13:19:21 +0000] "GET /app/MyDocs HTTP/1.1" 304 - "-" "Mozilla/5.0 (X11; Linux x86_64) AppleWebKit/537.36 (KHTML, like Gecko) Chrome/92.0.4515.159 Safari/537.36"
::1 - - [28/Aug/2021:13:19:31 +0000] "GET /app/MyDocs? HTTP/1.1" 304 - "http://localhost:3332/app/MyDocs" "Mozilla/5.0 (X11; Linux x86_64) AppleWebKit/537.36 (KHTML, like Gecko) Chrome/92.0.4515.159 Safari/537.36"
::1 - - [28/Aug/2021:13:21:44 +0000] "GET /app/MyDocs? HTTP/1.1" 304 - "http://localhost:3332/app/MyDocs" "Mozilla/5.0 (X11; Linux x86_64) AppleWebKit/537.36 (KHTML, like Gecko) Chrome/92.0.4515.159 Safari/537.36"
::1 - - [28/Aug/2021:13:21:53 +0000] "GET /app/MyDocs? HTTP/1.1" 304 - "http://localhost:3332/app/MyDocs?" "Mozilla/5.0 (X11; Linux x86_64) AppleWebKit/537.36 (KHTML, like Gecko) Chrome/92.0.4515.159 Safari/537.36"
::1 - - [28/Aug/2021:13:23:17 +0000] "GET /app/MyDocs? HTTP/1.1" 304 - "http://localhost:3332/app/MyDocs?" "Mozilla/5.0 (X11; Linux x86_64) AppleWebKit/537.36 (KHTML, like Gecko) Chrome/92.0.4515.159 Safari/537.36"
::1 - - [28/Aug/2021:13:23:28 +0000] "GET /app/MyDocs? HTTP/1.1" 304 - "http://localhost:3332/app/MyDocs?" "Mozilla/5.0 (X11; Linux x86_64) AppleWebKit/537.36 (KHTML, like Gecko) Chrome/92.0.4515.159 Safari/537.36"
::1 - - [28/Aug/2021:13:24:57 +0000] "GET /app/MyDocs? HTTP/1.1" 304 - "http://localhost:3332/app/MyDocs?" "Mozilla/5.0 (X11; Linux x86_64) AppleWebKit/537.36 (KHTML, like Gecko) Chrome/92.0.4515.159 Safari/537.36"
::1 - - [28/Aug/2021:13:25:01 +0000] "GET /app/MyDocs HTTP/1.1" 304 - "-" "Mozilla/5.0 (X11; Linux x86_64) AppleWebKit/537.36 (KHTML, like Gecko) Chrome/92.0.4515.159 Safari/537.36"
::1 - - [28/Aug/2021:13:30:16 +0000] "GET /app/MyDocs HTTP/1.1" 304 - "-" "Mozilla/5.0 (X11; Linux x86_64) AppleWebKit/537.36 (KHTML, like Gecko) Chrome/92.0.4515.159 Safari/537.36"
::1 - - [28/Aug/2021:13:30:29 +0000] "GET /app/MyDocs? HTTP/1.1" 304 - "http://localhost:3332/app/MyDocs" "Mozilla/5.0 (X11; Linux x86_64) AppleWebKit/537.36 (KHTML, like Gecko) Chrome/92.0.4515.159 Safari/537.36"
::1 - - [28/Aug/2021:13:31:28 +0000] "GET /app/MyDocs HTTP/1.1" 304 - "-" "Mozilla/5.0 (X11; Linux x86_64) AppleWebKit/537.36 (KHTML, like Gecko) Chrome/92.0.4515.159 Safari/537.36"
::1 - - [28/Aug/2021:13:31:37 +0000] "GET /app/MyDocs? HTTP/1.1" 304 - "http://localhost:3332/app/MyDocs" "Mozilla/5.0 (X11; Linux x86_64) AppleWebKit/537.36 (KHTML, like Gecko) Chrome/92.0.4515.159 Safari/537.36"
::1 - - [28/Aug/2021:13:32:45 +0000] "GET /app/MyDocs? HTTP/1.1" 304 - "http://localhost:3332/app/MyDocs" "Mozilla/5.0 (X11; Linux x86_64) AppleWebKit/537.36 (KHTML, like Gecko) Chrome/92.0.4515.159 Safari/537.36"
::1 - - [28/Aug/2021:13:40:26 +0000] "GET /app/MyDocs? HTTP/1.1" 304 - "http://localhost:3332/app/MyDocs" "Mozilla/5.0 (X11; Linux x86_64) AppleWebKit/537.36 (KHTML, like Gecko) Chrome/92.0.4515.159 Safari/537.36"
::1 - - [28/Aug/2021:13:40:29 +0000] "GET /app/MyDocs HTTP/1.1" 304 - "-" "Mozilla/5.0 (X11; Linux x86_64) AppleWebKit/537.36 (KHTML, like Gecko) Chrome/92.0.4515.159 Safari/537.36"
::1 - - [28/Aug/2021:13:40:36 +0000] "GET /app/MyDocs? HTTP/1.1" 304 - "http://localhost:3332/app/MyDocs" "Mozilla/5.0 (X11; Linux x86_64) AppleWebKit/537.36 (KHTML, like Gecko) Chrome/92.0.4515.159 Safari/537.36"
::1 - - [29/Aug/2021:12:23:38 +0000] "GET / HTTP/1.1" 200 2690 "-" "Mozilla/5.0 (X11; Linux x86_64) AppleWebKit/537.36 (KHTML, like Gecko) Chrome/92.0.4515.159 Safari/537.36"
::1 - - [29/Aug/2021:12:23:38 +0000] "GET /favicon.ico HTTP/1.1" 404 3044 "http://localhost:3332/" "Mozilla/5.0 (X11; Linux x86_64) AppleWebKit/537.36 (KHTML, like Gecko) Chrome/92.0.4515.159 Safari/537.36"
::1 - - [29/Aug/2021:12:23:40 +0000] "POST /login HTTP/1.1" 302 66 "http://localhost:3332/" "Mozilla/5.0 (X11; Linux x86_64) AppleWebKit/537.36 (KHTML, like Gecko) Chrome/92.0.4515.159 Safari/537.36"
::1 - - [29/Aug/2021:12:23:41 +0000] "GET /app/home/1 HTTP/1.1" 304 - "http://localhost:3332/" "Mozilla/5.0 (X11; Linux x86_64) AppleWebKit/537.36 (KHTML, like Gecko) Chrome/92.0.4515.159 Safari/537.36"
::1 - - [29/Aug/2021:12:23:44 +0000] "GET /app/MyDocs HTTP/1.1" 304 - "http://localhost:3332/app/home/1" "Mozilla/5.0 (X11; Linux x86_64) AppleWebKit/537.36 (KHTML, like Gecko) Chrome/92.0.4515.159 Safari/537.36"
::1 - - [29/Aug/2021:12:25:40 +0000] "GET /app/MyDocs HTTP/1.1" 304 - "http://localhost:3332/app/home/1" "Mozilla/5.0 (X11; Linux x86_64) AppleWebKit/537.36 (KHTML, like Gecko) Chrome/92.0.4515.159 Safari/537.36"
::1 - - [29/Aug/2021:12:29:08 +0000] "GET /app/MyDocs HTTP/1.1" 304 - "http://localhost:3332/app/home/1" "Mozilla/5.0 (X11; Linux x86_64) AppleWebKit/537.36 (KHTML, like Gecko) Chrome/92.0.4515.159 Safari/537.36"
::1 - - [29/Aug/2021:12:30:03 +0000] "GET /app/MyDocs HTTP/1.1" 304 - "http://localhost:3332/app/home/1" "Mozilla/5.0 (X11; Linux x86_64) AppleWebKit/537.36 (KHTML, like Gecko) Chrome/92.0.4515.159 Safari/537.36"
::1 - - [29/Aug/2021:12:30:41 +0000] "GET /app/MyDocs HTTP/1.1" 304 - "http://localhost:3332/app/home/1" "Mozilla/5.0 (X11; Linux x86_64) AppleWebKit/537.36 (KHTML, like Gecko) Chrome/92.0.4515.159 Safari/537.36"
::1 - - [29/Aug/2021:12:31:24 +0000] "GET /app/MyDocs HTTP/1.1" 304 - "http://localhost:3332/app/home/1" "Mozilla/5.0 (X11; Linux x86_64) AppleWebKit/537.36 (KHTML, like Gecko) Chrome/92.0.4515.159 Safari/537.36"
::1 - - [29/Aug/2021:12:31:34 +0000] "GET /app/MyDocs HTTP/1.1" 304 - "http://localhost:3332/app/home/1" "Mozilla/5.0 (X11; Linux x86_64) AppleWebKit/537.36 (KHTML, like Gecko) Chrome/92.0.4515.159 Safari/537.36"
::1 - - [29/Aug/2021:12:31:46 +0000] "GET /app/MyDocs? HTTP/1.1" 304 - "http://localhost:3332/app/MyDocs" "Mozilla/5.0 (X11; Linux x86_64) AppleWebKit/537.36 (KHTML, like Gecko) Chrome/92.0.4515.159 Safari/537.36"
::1 - - [29/Aug/2021:12:32:22 +0000] "GET /app/MyDocs HTTP/1.1" 304 - "-" "Mozilla/5.0 (X11; Linux x86_64) AppleWebKit/537.36 (KHTML, like Gecko) Chrome/92.0.4515.159 Safari/537.36"
::1 - - [29/Aug/2021:12:32:41 +0000] "GET /app/MyDocs HTTP/1.1" 304 - "-" "Mozilla/5.0 (X11; Linux x86_64) AppleWebKit/537.36 (KHTML, like Gecko) Chrome/92.0.4515.159 Safari/537.36"
::1 - - [29/Aug/2021:12:33:12 +0000] "GET /app/MyDocs HTTP/1.1" 304 - "-" "Mozilla/5.0 (X11; Linux x86_64) AppleWebKit/537.36 (KHTML, like Gecko) Chrome/92.0.4515.159 Safari/537.36"
::1 - - [29/Aug/2021:12:34:40 +0000] "GET /app/MyDocs HTTP/1.1" 304 - "-" "Mozilla/5.0 (X11; Linux x86_64) AppleWebKit/537.36 (KHTML, like Gecko) Chrome/92.0.4515.159 Safari/537.36"
::1 - - [29/Aug/2021:12:37:44 +0000] "GET /app/MyDocs HTTP/1.1" 304 - "-" "Mozilla/5.0 (X11; Linux x86_64) AppleWebKit/537.36 (KHTML, like Gecko) Chrome/92.0.4515.159 Safari/537.36"
::1 - - [29/Aug/2021:12:38:22 +0000] "GET /app/MyDocs HTTP/1.1" 304 - "-" "Mozilla/5.0 (X11; Linux x86_64) AppleWebKit/537.36 (KHTML, like Gecko) Chrome/92.0.4515.159 Safari/537.36"
::1 - - [29/Aug/2021:12:38:53 +0000] "GET /app/MyDocs HTTP/1.1" 304 - "-" "Mozilla/5.0 (X11; Linux x86_64) AppleWebKit/537.36 (KHTML, like Gecko) Chrome/92.0.4515.159 Safari/537.36"
::1 - - [29/Aug/2021:12:39:00 +0000] "GET /app/MyDocs HTTP/1.1" 200 4368 "-" "Mozilla/5.0 (X11; Linux x86_64) AppleWebKit/537.36 (KHTML, like Gecko) Chrome/92.0.4515.159 Safari/537.36"
::1 - - [29/Aug/2021:12:39:01 +0000] "GET /favicon.ico HTTP/1.1" 404 3044 "http://localhost:3332/app/MyDocs" "Mozilla/5.0 (X11; Linux x86_64) AppleWebKit/537.36 (KHTML, like Gecko) Chrome/92.0.4515.159 Safari/537.36"
::1 - - [29/Aug/2021:12:40:18 +0000] "GET /app/MyDocs HTTP/1.1" 304 - "-" "Mozilla/5.0 (X11; Linux x86_64) AppleWebKit/537.36 (KHTML, like Gecko) Chrome/92.0.4515.159 Safari/537.36"
::1 - - [29/Aug/2021:12:45:45 +0000] "GET /app/MyDocs HTTP/1.1" 304 - "-" "Mozilla/5.0 (X11; Linux x86_64) AppleWebKit/537.36 (KHTML, like Gecko) Chrome/92.0.4515.159 Safari/537.36"
::1 - - [29/Aug/2021:12:47:07 +0000] "GET /app/MyDocs HTTP/1.1" 304 - "-" "Mozilla/5.0 (X11; Linux x86_64) AppleWebKit/537.36 (KHTML, like Gecko) Chrome/92.0.4515.159 Safari/537.36"
::1 - - [29/Aug/2021:12:48:00 +0000] "GET /app/MyDocs HTTP/1.1" 304 - "-" "Mozilla/5.0 (X11; Linux x86_64) AppleWebKit/537.36 (KHTML, like Gecko) Chrome/92.0.4515.159 Safari/537.36"
::1 - - [29/Aug/2021:12:48:18 +0000] "GET /app/MyDocs HTTP/1.1" 304 - "-" "Mozilla/5.0 (X11; Linux x86_64) AppleWebKit/537.36 (KHTML, like Gecko) Chrome/92.0.4515.159 Safari/537.36"
::1 - - [29/Aug/2021:12:48:50 +0000] "GET /app/MyDocs HTTP/1.1" 304 - "-" "Mozilla/5.0 (X11; Linux x86_64) AppleWebKit/537.36 (KHTML, like Gecko) Chrome/92.0.4515.159 Safari/537.36"
::1 - - [29/Aug/2021:12:49:27 +0000] "GET /app/MyDocs HTTP/1.1" 304 - "-" "Mozilla/5.0 (X11; Linux x86_64) AppleWebKit/537.36 (KHTML, like Gecko) Chrome/92.0.4515.159 Safari/537.36"
::1 - - [29/Aug/2021:12:54:32 +0000] "GET /app/MyDocs HTTP/1.1" 304 - "-" "Mozilla/5.0 (X11; Linux x86_64) AppleWebKit/537.36 (KHTML, like Gecko) Chrome/92.0.4515.159 Safari/537.36"
::1 - - [29/Aug/2021:13:06:14 +0000] "GET /app/MyDocs HTTP/1.1" 304 - "-" "Mozilla/5.0 (X11; Linux x86_64) AppleWebKit/537.36 (KHTML, like Gecko) Chrome/92.0.4515.159 Safari/537.36"
::1 - - [29/Aug/2021:13:06:20 +0000] "GET /app/MyDocs HTTP/1.1" 200 4368 "-" "Mozilla/5.0 (X11; Linux x86_64) AppleWebKit/537.36 (KHTML, like Gecko) Chrome/92.0.4515.159 Safari/537.36"
::1 - - [29/Aug/2021:13:06:21 +0000] "GET /favicon.ico HTTP/1.1" 404 3044 "http://localhost:3332/app/MyDocs" "Mozilla/5.0 (X11; Linux x86_64) AppleWebKit/537.36 (KHTML, like Gecko) Chrome/92.0.4515.159 Safari/537.36"
::1 - - [29/Aug/2021:13:09:07 +0000] "GET /app/MyDocs HTTP/1.1" 304 - "-" "Mozilla/5.0 (X11; Linux x86_64) AppleWebKit/537.36 (KHTML, like Gecko) Chrome/92.0.4515.159 Safari/537.36"
::1 - - [29/Aug/2021:13:11:34 +0000] "GET /app/MyDocs HTTP/1.1" 304 - "-" "Mozilla/5.0 (X11; Linux x86_64) AppleWebKit/537.36 (KHTML, like Gecko) Chrome/92.0.4515.159 Safari/537.36"
::1 - - [29/Aug/2021:13:15:09 +0000] "GET /app/MyDocs HTTP/1.1" 304 - "-" "Mozilla/5.0 (X11; Linux x86_64) AppleWebKit/537.36 (KHTML, like Gecko) Chrome/92.0.4515.159 Safari/537.36"
::1 - - [29/Aug/2021:13:25:36 +0000] "GET /app/MyDocs HTTP/1.1" 304 - "-" "Mozilla/5.0 (X11; Linux x86_64) AppleWebKit/537.36 (KHTML, like Gecko) Chrome/92.0.4515.159 Safari/537.36"
::1 - - [29/Aug/2021:13:26:51 +0000] "GET /app/MyDocs HTTP/1.1" 304 - "-" "Mozilla/5.0 (X11; Linux x86_64) AppleWebKit/537.36 (KHTML, like Gecko) Chrome/92.0.4515.159 Safari/537.36"
::1 - - [29/Aug/2021:13:32:19 +0000] "GET /app/MyDocs HTTP/1.1" 304 - "-" "Mozilla/5.0 (X11; Linux x86_64) AppleWebKit/537.36 (KHTML, like Gecko) Chrome/92.0.4515.159 Safari/537.36"
::1 - - [29/Aug/2021:13:49:27 +0000] "GET /app/MyDocs HTTP/1.1" 304 - "-" "Mozilla/5.0 (X11; Linux x86_64) AppleWebKit/537.36 (KHTML, like Gecko) Chrome/92.0.4515.159 Safari/537.36"
::1 - - [30/Aug/2021:06:21:48 +0000] "GET / HTTP/1.1" 200 2690 "-" "Mozilla/5.0 (X11; Linux x86_64) AppleWebKit/537.36 (KHTML, like Gecko) Chrome/92.0.4515.159 Safari/537.36"
::1 - - [30/Aug/2021:06:21:55 +0000] "GET /favicon.ico HTTP/1.1" 404 3044 "http://localhost:3332/" "Mozilla/5.0 (X11; Linux x86_64) AppleWebKit/537.36 (KHTML, like Gecko) Chrome/92.0.4515.159 Safari/537.36"
::1 - - [30/Aug/2021:06:22:05 +0000] "POST /login HTTP/1.1" 302 66 "http://localhost:3332/" "Mozilla/5.0 (X11; Linux x86_64) AppleWebKit/537.36 (KHTML, like Gecko) Chrome/92.0.4515.159 Safari/537.36"
::1 - - [30/Aug/2021:06:22:05 +0000] "GET /app/home/1 HTTP/1.1" 200 3910 "http://localhost:3332/" "Mozilla/5.0 (X11; Linux x86_64) AppleWebKit/537.36 (KHTML, like Gecko) Chrome/92.0.4515.159 Safari/537.36"
::1 - - [30/Aug/2021:06:22:09 +0000] "GET /app/MyDocs HTTP/1.1" 304 - "http://localhost:3332/app/home/1" "Mozilla/5.0 (X11; Linux x86_64) AppleWebKit/537.36 (KHTML, like Gecko) Chrome/92.0.4515.159 Safari/537.36"
::1 - - [30/Aug/2021:07:27:08 +0000] "GET /app/MyDocs HTTP/1.1" 304 - "http://localhost:3332/app/home/1" "Mozilla/5.0 (X11; Linux x86_64) AppleWebKit/537.36 (KHTML, like Gecko) Chrome/92.0.4515.159 Safari/537.36"
::1 - - [30/Aug/2021:07:28:37 +0000] "GET /app/MyDocs HTTP/1.1" 304 - "http://localhost:3332/app/home/1" "Mozilla/5.0 (X11; Linux x86_64) AppleWebKit/537.36 (KHTML, like Gecko) Chrome/92.0.4515.159 Safari/537.36"
::1 - - [30/Aug/2021:07:29:16 +0000] "GET /app/MyDocs HTTP/1.1" 304 - "http://localhost:3332/app/home/1" "Mozilla/5.0 (X11; Linux x86_64) AppleWebKit/537.36 (KHTML, like Gecko) Chrome/92.0.4515.159 Safari/537.36"
::1 - - [30/Aug/2021:07:35:42 +0000] "GET /app/MyDocs HTTP/1.1" 304 - "http://localhost:3332/app/home/1" "Mozilla/5.0 (X11; Linux x86_64) AppleWebKit/537.36 (KHTML, like Gecko) Chrome/92.0.4515.159 Safari/537.36"
::1 - - [30/Aug/2021:07:37:35 +0000] "GET /app/MyDocs HTTP/1.1" 304 - "http://localhost:3332/app/home/1" "Mozilla/5.0 (X11; Linux x86_64) AppleWebKit/537.36 (KHTML, like Gecko) Chrome/92.0.4515.159 Safari/537.36"
::1 - - [30/Aug/2021:07:42:45 +0000] "GET /app/MyDocs HTTP/1.1" 304 - "http://localhost:3332/app/home/1" "Mozilla/5.0 (X11; Linux x86_64) AppleWebKit/537.36 (KHTML, like Gecko) Chrome/92.0.4515.159 Safari/537.36"
::1 - - [30/Aug/2021:07:54:23 +0000] "GET /app/MyDocs HTTP/1.1" 304 - "http://localhost:3332/app/home/1" "Mozilla/5.0 (X11; Linux x86_64) AppleWebKit/537.36 (KHTML, like Gecko) Chrome/92.0.4515.159 Safari/537.36"
::1 - - [30/Aug/2021:07:55:08 +0000] "GET /app/MyDocs HTTP/1.1" 304 - "http://localhost:3332/app/home/1" "Mozilla/5.0 (X11; Linux x86_64) AppleWebKit/537.36 (KHTML, like Gecko) Chrome/92.0.4515.159 Safari/537.36"
::1 - - [30/Aug/2021:07:57:08 +0000] "GET /app/MyDocs HTTP/1.1" 304 - "http://localhost:3332/app/home/1" "Mozilla/5.0 (X11; Linux x86_64) AppleWebKit/537.36 (KHTML, like Gecko) Chrome/92.0.4515.159 Safari/537.36"
::1 - - [30/Aug/2021:07:57:36 +0000] "GET /app/MyDocs HTTP/1.1" 304 - "http://localhost:3332/app/home/1" "Mozilla/5.0 (X11; Linux x86_64) AppleWebKit/537.36 (KHTML, like Gecko) Chrome/92.0.4515.159 Safari/537.36"
::1 - - [30/Aug/2021:07:58:07 +0000] "GET /app/MyDocs HTTP/1.1" 304 - "http://localhost:3332/app/home/1" "Mozilla/5.0 (X11; Linux x86_64) AppleWebKit/537.36 (KHTML, like Gecko) Chrome/92.0.4515.159 Safari/537.36"
::1 - - [30/Aug/2021:08:04:33 +0000] "GET /app/MyDocs HTTP/1.1" 304 - "http://localhost:3332/app/home/1" "Mozilla/5.0 (X11; Linux x86_64) AppleWebKit/537.36 (KHTML, like Gecko) Chrome/92.0.4515.159 Safari/537.36"
::1 - - [30/Aug/2021:08:05:14 +0000] "GET /app/MyDocs HTTP/1.1" 304 - "http://localhost:3332/app/home/1" "Mozilla/5.0 (X11; Linux x86_64) AppleWebKit/537.36 (KHTML, like Gecko) Chrome/92.0.4515.159 Safari/537.36"
::1 - - [30/Aug/2021:08:06:03 +0000] "GET /app/MyDocs HTTP/1.1" 304 - "http://localhost:3332/app/home/1" "Mozilla/5.0 (X11; Linux x86_64) AppleWebKit/537.36 (KHTML, like Gecko) Chrome/92.0.4515.159 Safari/537.36"
::1 - - [30/Aug/2021:08:34:04 +0000] "GET /app/MyDocs HTTP/1.1" 304 - "http://localhost:3332/app/home/1" "Mozilla/5.0 (X11; Linux x86_64) AppleWebKit/537.36 (KHTML, like Gecko) Chrome/92.0.4515.159 Safari/537.36"
::1 - - [30/Aug/2021:08:34:38 +0000] "GET /app/MyDocs HTTP/1.1" 304 - "http://localhost:3332/app/home/1" "Mozilla/5.0 (X11; Linux x86_64) AppleWebKit/537.36 (KHTML, like Gecko) Chrome/92.0.4515.159 Safari/537.36"
::1 - - [30/Aug/2021:08:38:27 +0000] "GET /app/MyDocs HTTP/1.1" 304 - "http://localhost:3332/app/home/1" "Mozilla/5.0 (X11; Linux x86_64) AppleWebKit/537.36 (KHTML, like Gecko) Chrome/92.0.4515.159 Safari/537.36"
::1 - - [30/Aug/2021:08:39:06 +0000] "GET /app/MyDocs HTTP/1.1" 304 - "http://localhost:3332/app/home/1" "Mozilla/5.0 (X11; Linux x86_64) AppleWebKit/537.36 (KHTML, like Gecko) Chrome/92.0.4515.159 Safari/537.36"
::1 - - [30/Aug/2021:08:41:43 +0000] "GET /app/MyDocs HTTP/1.1" 304 - "http://localhost:3332/app/home/1" "Mozilla/5.0 (X11; Linux x86_64) AppleWebKit/537.36 (KHTML, like Gecko) Chrome/92.0.4515.159 Safari/537.36"
::1 - - [30/Aug/2021:08:42:34 +0000] "GET /app/MyDocs HTTP/1.1" 304 - "http://localhost:3332/app/home/1" "Mozilla/5.0 (X11; Linux x86_64) AppleWebKit/537.36 (KHTML, like Gecko) Chrome/92.0.4515.159 Safari/537.36"
::1 - - [30/Aug/2021:08:43:29 +0000] "GET /app/MyDocs HTTP/1.1" 304 - "http://localhost:3332/app/home/1" "Mozilla/5.0 (X11; Linux x86_64) AppleWebKit/537.36 (KHTML, like Gecko) Chrome/92.0.4515.159 Safari/537.36"
::1 - - [30/Aug/2021:08:44:31 +0000] "GET /app/MyDocs HTTP/1.1" 304 - "http://localhost:3332/app/home/1" "Mozilla/5.0 (X11; Linux x86_64) AppleWebKit/537.36 (KHTML, like Gecko) Chrome/92.0.4515.159 Safari/537.36"
::1 - - [30/Aug/2021:08:45:06 +0000] "GET /app/MyDocs HTTP/1.1" 304 - "http://localhost:3332/app/home/1" "Mozilla/5.0 (X11; Linux x86_64) AppleWebKit/537.36 (KHTML, like Gecko) Chrome/92.0.4515.159 Safari/537.36"
::1 - - [30/Aug/2021:08:47:24 +0000] "GET /app/MyDocs HTTP/1.1" 304 - "http://localhost:3332/app/home/1" "Mozilla/5.0 (X11; Linux x86_64) AppleWebKit/537.36 (KHTML, like Gecko) Chrome/92.0.4515.159 Safari/537.36"
::1 - - [30/Aug/2021:08:47:32 +0000] "GET /app/MyDocs? HTTP/1.1" 200 4368 "http://localhost:3332/app/MyDocs" "Mozilla/5.0 (X11; Linux x86_64) AppleWebKit/537.36 (KHTML, like Gecko) Chrome/92.0.4515.159 Safari/537.36"
::1 - - [30/Aug/2021:08:47:56 +0000] "GET /app/MyDocs HTTP/1.1" 304 - "-" "Mozilla/5.0 (X11; Linux x86_64) AppleWebKit/537.36 (KHTML, like Gecko) Chrome/92.0.4515.159 Safari/537.36"
::1 - - [30/Aug/2021:08:49:10 +0000] "GET /app/MyDocs HTTP/1.1" 304 - "-" "Mozilla/5.0 (X11; Linux x86_64) AppleWebKit/537.36 (KHTML, like Gecko) Chrome/92.0.4515.159 Safari/537.36"
::1 - - [30/Aug/2021:08:55:01 +0000] "GET /app/MyDocs HTTP/1.1" 304 - "-" "Mozilla/5.0 (X11; Linux x86_64) AppleWebKit/537.36 (KHTML, like Gecko) Chrome/92.0.4515.159 Safari/537.36"
::1 - - [30/Aug/2021:08:55:27 +0000] "GET /app/MyDocs HTTP/1.1" 304 - "-" "Mozilla/5.0 (X11; Linux x86_64) AppleWebKit/537.36 (KHTML, like Gecko) Chrome/92.0.4515.159 Safari/537.36"
::1 - - [30/Aug/2021:08:56:22 +0000] "GET /app/MyDocs HTTP/1.1" 304 - "-" "Mozilla/5.0 (X11; Linux x86_64) AppleWebKit/537.36 (KHTML, like Gecko) Chrome/92.0.4515.159 Safari/537.36"
::1 - - [30/Aug/2021:08:56:47 +0000] "GET /app/MyDocs HTTP/1.1" 304 - "-" "Mozilla/5.0 (X11; Linux x86_64) AppleWebKit/537.36 (KHTML, like Gecko) Chrome/92.0.4515.159 Safari/537.36"
::1 - - [30/Aug/2021:09:08:43 +0000] "GET /app/MyDocs HTTP/1.1" 304 - "-" "Mozilla/5.0 (X11; Linux x86_64) AppleWebKit/537.36 (KHTML, like Gecko) Chrome/92.0.4515.159 Safari/537.36"
::1 - - [30/Aug/2021:09:09:52 +0000] "GET /app/MyDocs HTTP/1.1" 304 - "-" "Mozilla/5.0 (X11; Linux x86_64) AppleWebKit/537.36 (KHTML, like Gecko) Chrome/92.0.4515.159 Safari/537.36"
::1 - - [30/Aug/2021:09:33:14 +0000] "GET /app/MyDocs HTTP/1.1" 304 - "-" "Mozilla/5.0 (X11; Linux x86_64) AppleWebKit/537.36 (KHTML, like Gecko) Chrome/92.0.4515.159 Safari/537.36"
::1 - - [30/Aug/2021:09:39:07 +0000] "GET /app/MyDocs HTTP/1.1" 304 - "-" "Mozilla/5.0 (X11; Linux x86_64) AppleWebKit/537.36 (KHTML, like Gecko) Chrome/92.0.4515.159 Safari/537.36"
::1 - - [30/Aug/2021:09:44:14 +0000] "GET /app/MyDocs HTTP/1.1" 304 - "-" "Mozilla/5.0 (X11; Linux x86_64) AppleWebKit/537.36 (KHTML, like Gecko) Chrome/92.0.4515.159 Safari/537.36"
::1 - - [30/Aug/2021:09:45:19 +0000] "GET /app/MyDocs HTTP/1.1" 304 - "-" "Mozilla/5.0 (X11; Linux x86_64) AppleWebKit/537.36 (KHTML, like Gecko) Chrome/92.0.4515.159 Safari/537.36"
::1 - - [30/Aug/2021:09:54:15 +0000] "GET /app/MyDocs HTTP/1.1" 304 - "-" "Mozilla/5.0 (X11; Linux x86_64) AppleWebKit/537.36 (KHTML, like Gecko) Chrome/92.0.4515.159 Safari/537.36"
::1 - - [30/Aug/2021:10:02:07 +0000] "GET /app/MyDocs HTTP/1.1" 304 - "-" "Mozilla/5.0 (X11; Linux x86_64) AppleWebKit/537.36 (KHTML, like Gecko) Chrome/92.0.4515.159 Safari/537.36"
::1 - - [30/Aug/2021:10:02:27 +0000] "GET /app/MyDocs HTTP/1.1" 304 - "-" "Mozilla/5.0 (X11; Linux x86_64) AppleWebKit/537.36 (KHTML, like Gecko) Chrome/92.0.4515.159 Safari/537.36"
::1 - - [30/Aug/2021:10:03:30 +0000] "GET /app/MyDocs HTTP/1.1" 304 - "-" "Mozilla/5.0 (X11; Linux x86_64) AppleWebKit/537.36 (KHTML, like Gecko) Chrome/92.0.4515.159 Safari/537.36"
::1 - - [30/Aug/2021:10:04:24 +0000] "GET /app/MyDocs HTTP/1.1" 304 - "-" "Mozilla/5.0 (X11; Linux x86_64) AppleWebKit/537.36 (KHTML, like Gecko) Chrome/92.0.4515.159 Safari/537.36"
::1 - - [30/Aug/2021:10:08:55 +0000] "GET /app/MyDocs HTTP/1.1" 304 - "-" "Mozilla/5.0 (X11; Linux x86_64) AppleWebKit/537.36 (KHTML, like Gecko) Chrome/92.0.4515.159 Safari/537.36"
::1 - - [30/Aug/2021:10:14:23 +0000] "GET /app/MyDocs HTTP/1.1" 304 - "-" "Mozilla/5.0 (X11; Linux x86_64) AppleWebKit/537.36 (KHTML, like Gecko) Chrome/92.0.4515.159 Safari/537.36"
::1 - - [30/Aug/2021:10:14:58 +0000] "GET /app/MyDocs HTTP/1.1" 304 - "-" "Mozilla/5.0 (X11; Linux x86_64) AppleWebKit/537.36 (KHTML, like Gecko) Chrome/92.0.4515.159 Safari/537.36"
::1 - - [30/Aug/2021:10:18:34 +0000] "GET /app/MyDocs HTTP/1.1" 304 - "-" "Mozilla/5.0 (X11; Linux x86_64) AppleWebKit/537.36 (KHTML, like Gecko) Chrome/92.0.4515.159 Safari/537.36"
::1 - - [30/Aug/2021:10:19:36 +0000] "GET /app/MyDocs HTTP/1.1" 304 - "-" "Mozilla/5.0 (X11; Linux x86_64) AppleWebKit/537.36 (KHTML, like Gecko) Chrome/92.0.4515.159 Safari/537.36"
::1 - - [30/Aug/2021:10:21:06 +0000] "GET /app/MyDocs HTTP/1.1" 304 - "-" "Mozilla/5.0 (X11; Linux x86_64) AppleWebKit/537.36 (KHTML, like Gecko) Chrome/92.0.4515.159 Safari/537.36"
::1 - - [30/Aug/2021:10:21:51 +0000] "GET /app/MyDocs HTTP/1.1" 304 - "-" "Mozilla/5.0 (X11; Linux x86_64) AppleWebKit/537.36 (KHTML, like Gecko) Chrome/92.0.4515.159 Safari/537.36"
::1 - - [30/Aug/2021:10:21:57 +0000] "GET /app/MyDocs? HTTP/1.1" 304 - "http://localhost:3332/app/MyDocs" "Mozilla/5.0 (X11; Linux x86_64) AppleWebKit/537.36 (KHTML, like Gecko) Chrome/92.0.4515.159 Safari/537.36"
::1 - - [30/Aug/2021:10:22:02 +0000] "GET /app/MyDocs HTTP/1.1" 304 - "-" "Mozilla/5.0 (X11; Linux x86_64) AppleWebKit/537.36 (KHTML, like Gecko) Chrome/92.0.4515.159 Safari/537.36"
::1 - - [30/Aug/2021:10:24:03 +0000] "GET /app/MyDocs HTTP/1.1" 304 - "-" "Mozilla/5.0 (X11; Linux x86_64) AppleWebKit/537.36 (KHTML, like Gecko) Chrome/92.0.4515.159 Safari/537.36"
::1 - - [30/Aug/2021:10:24:34 +0000] "GET /app/MyDocs HTTP/1.1" 304 - "-" "Mozilla/5.0 (X11; Linux x86_64) AppleWebKit/537.36 (KHTML, like Gecko) Chrome/92.0.4515.159 Safari/537.36"
::1 - - [30/Aug/2021:10:24:44 +0000] "GET /app/MyDocs? HTTP/1.1" 304 - "http://localhost:3332/app/MyDocs" "Mozilla/5.0 (X11; Linux x86_64) AppleWebKit/537.36 (KHTML, like Gecko) Chrome/92.0.4515.159 Safari/537.36"
::1 - - [30/Aug/2021:10:26:02 +0000] "GET /app/MyDocs? HTTP/1.1" 304 - "http://localhost:3332/app/MyDocs" "Mozilla/5.0 (X11; Linux x86_64) AppleWebKit/537.36 (KHTML, like Gecko) Chrome/92.0.4515.159 Safari/537.36"
::1 - - [30/Aug/2021:10:27:35 +0000] "GET /app/MyDocs HTTP/1.1" 200 4368 "-" "Mozilla/5.0 (X11; Linux x86_64) AppleWebKit/537.36 (KHTML, like Gecko) Chrome/92.0.4515.159 Safari/537.36"
::1 - - [30/Aug/2021:10:27:36 +0000] "GET /favicon.ico HTTP/1.1" 404 3044 "http://localhost:3332/app/MyDocs" "Mozilla/5.0 (X11; Linux x86_64) AppleWebKit/537.36 (KHTML, like Gecko) Chrome/92.0.4515.159 Safari/537.36"
::1 - - [30/Aug/2021:10:28:32 +0000] "GET /app/MyDocs HTTP/1.1" 304 - "-" "Mozilla/5.0 (X11; Linux x86_64) AppleWebKit/537.36 (KHTML, like Gecko) Chrome/92.0.4515.159 Safari/537.36"
::1 - - [30/Aug/2021:10:30:11 +0000] "GET /app/MyDocs HTTP/1.1" 304 - "-" "Mozilla/5.0 (X11; Linux x86_64) AppleWebKit/537.36 (KHTML, like Gecko) Chrome/92.0.4515.159 Safari/537.36"
::1 - - [30/Aug/2021:10:31:02 +0000] "GET /app/MyDocs HTTP/1.1" 304 - "-" "Mozilla/5.0 (X11; Linux x86_64) AppleWebKit/537.36 (KHTML, like Gecko) Chrome/92.0.4515.159 Safari/537.36"
::1 - - [30/Aug/2021:10:31:37 +0000] "GET /app/MyDocs HTTP/1.1" 304 - "-" "Mozilla/5.0 (X11; Linux x86_64) AppleWebKit/537.36 (KHTML, like Gecko) Chrome/92.0.4515.159 Safari/537.36"
::1 - - [30/Aug/2021:10:32:09 +0000] "GET /app/MyDocs HTTP/1.1" 304 - "-" "Mozilla/5.0 (X11; Linux x86_64) AppleWebKit/537.36 (KHTML, like Gecko) Chrome/92.0.4515.159 Safari/537.36"
::1 - - [30/Aug/2021:10:32:49 +0000] "GET /app/MyDocs HTTP/1.1" 304 - "-" "Mozilla/5.0 (X11; Linux x86_64) AppleWebKit/537.36 (KHTML, like Gecko) Chrome/92.0.4515.159 Safari/537.36"
::1 - - [30/Aug/2021:10:36:35 +0000] "GET /app/MyDocs HTTP/1.1" 304 - "-" "Mozilla/5.0 (X11; Linux x86_64) AppleWebKit/537.36 (KHTML, like Gecko) Chrome/92.0.4515.159 Safari/537.36"
::1 - - [30/Aug/2021:10:37:17 +0000] "GET /app/MyDocs HTTP/1.1" 304 - "-" "Mozilla/5.0 (X11; Linux x86_64) AppleWebKit/537.36 (KHTML, like Gecko) Chrome/92.0.4515.159 Safari/537.36"
::1 - - [30/Aug/2021:10:38:56 +0000] "GET /app/MyDocs HTTP/1.1" 304 - "-" "Mozilla/5.0 (X11; Linux x86_64) AppleWebKit/537.36 (KHTML, like Gecko) Chrome/92.0.4515.159 Safari/537.36"
::1 - - [30/Aug/2021:10:39:42 +0000] "GET /app/register HTTP/1.1" 200 3784 "http://localhost:3332/app/MyDocs" "Mozilla/5.0 (X11; Linux x86_64) AppleWebKit/537.36 (KHTML, like Gecko) Chrome/92.0.4515.159 Safari/537.36"
::1 - - [30/Aug/2021:10:39:47 +0000] "GET /admin/getUsers HTTP/1.1" 200 3966 "http://localhost:3332/app/register" "Mozilla/5.0 (X11; Linux x86_64) AppleWebKit/537.36 (KHTML, like Gecko) Chrome/92.0.4515.159 Safari/537.36"
::1 - - [30/Aug/2021:10:39:51 +0000] "GET /app/register HTTP/1.1" 304 - "http://localhost:3332/admin/getUsers" "Mozilla/5.0 (X11; Linux x86_64) AppleWebKit/537.36 (KHTML, like Gecko) Chrome/92.0.4515.159 Safari/537.36"
::1 - - [30/Aug/2021:10:40:37 +0000] "POST /app/register HTTP/1.1" 302 66 "http://localhost:3332/app/register" "Mozilla/5.0 (X11; Linux x86_64) AppleWebKit/537.36 (KHTML, like Gecko) Chrome/92.0.4515.159 Safari/537.36"
::1 - - [30/Aug/2021:10:40:37 +0000] "GET /app/home/1 HTTP/1.1" 200 3910 "http://localhost:3332/app/register" "Mozilla/5.0 (X11; Linux x86_64) AppleWebKit/537.36 (KHTML, like Gecko) Chrome/92.0.4515.159 Safari/537.36"
::1 - - [30/Aug/2021:10:40:44 +0000] "GET /app/MyDocs HTTP/1.1" 304 - "http://localhost:3332/app/home/1" "Mozilla/5.0 (X11; Linux x86_64) AppleWebKit/537.36 (KHTML, like Gecko) Chrome/92.0.4515.159 Safari/537.36"
::1 - - [30/Aug/2021:10:41:28 +0000] "GET /app/register HTTP/1.1" 200 3784 "http://localhost:3332/app/MyDocs" "Mozilla/5.0 (X11; Linux x86_64) AppleWebKit/537.36 (KHTML, like Gecko) Chrome/92.0.4515.159 Safari/537.36"
::1 - - [30/Aug/2021:10:41:57 +0000] "POST /app/register HTTP/1.1" 302 66 "http://localhost:3332/app/register" "Mozilla/5.0 (X11; Linux x86_64) AppleWebKit/537.36 (KHTML, like Gecko) Chrome/92.0.4515.159 Safari/537.36"
::1 - - [30/Aug/2021:10:41:57 +0000] "GET /app/home/1 HTTP/1.1" 304 - "http://localhost:3332/app/register" "Mozilla/5.0 (X11; Linux x86_64) AppleWebKit/537.36 (KHTML, like Gecko) Chrome/92.0.4515.159 Safari/537.36"
::1 - - [30/Aug/2021:10:42:05 +0000] "GET /app/MyDocs HTTP/1.1" 304 - "http://localhost:3332/app/home/1" "Mozilla/5.0 (X11; Linux x86_64) AppleWebKit/537.36 (KHTML, like Gecko) Chrome/92.0.4515.159 Safari/537.36"
::1 - - [30/Aug/2021:10:42:43 +0000] "GET /app/register HTTP/1.1" 200 3784 "http://localhost:3332/app/MyDocs" "Mozilla/5.0 (X11; Linux x86_64) AppleWebKit/537.36 (KHTML, like Gecko) Chrome/92.0.4515.159 Safari/537.36"
::1 - - [30/Aug/2021:10:43:31 +0000] "POST /app/register HTTP/1.1" 302 66 "http://localhost:3332/app/register" "Mozilla/5.0 (X11; Linux x86_64) AppleWebKit/537.36 (KHTML, like Gecko) Chrome/92.0.4515.159 Safari/537.36"
::1 - - [30/Aug/2021:10:43:31 +0000] "GET /app/home/1 HTTP/1.1" 304 - "http://localhost:3332/app/register" "Mozilla/5.0 (X11; Linux x86_64) AppleWebKit/537.36 (KHTML, like Gecko) Chrome/92.0.4515.159 Safari/537.36"
::1 - - [30/Aug/2021:10:43:34 +0000] "GET /app/MyDocs HTTP/1.1" 304 - "http://localhost:3332/app/home/1" "Mozilla/5.0 (X11; Linux x86_64) AppleWebKit/537.36 (KHTML, like Gecko) Chrome/92.0.4515.159 Safari/537.36"
::1 - - [30/Aug/2021:10:48:43 +0000] "GET /app/MyDocs HTTP/1.1" 304 - "http://localhost:3332/app/home/1" "Mozilla/5.0 (X11; Linux x86_64) AppleWebKit/537.36 (KHTML, like Gecko) Chrome/92.0.4515.159 Safari/537.36"
::1 - - [30/Aug/2021:10:50:38 +0000] "GET /app/MyDocs HTTP/1.1" 304 - "http://localhost:3332/app/home/1" "Mozilla/5.0 (X11; Linux x86_64) AppleWebKit/537.36 (KHTML, like Gecko) Chrome/92.0.4515.159 Safari/537.36"
::1 - - [30/Aug/2021:10:51:07 +0000] "GET /app/MyDocs HTTP/1.1" 304 - "http://localhost:3332/app/home/1" "Mozilla/5.0 (X11; Linux x86_64) AppleWebKit/537.36 (KHTML, like Gecko) Chrome/92.0.4515.159 Safari/537.36"
::1 - - [30/Aug/2021:10:58:09 +0000] "GET /app/MyDocs HTTP/1.1" 304 - "http://localhost:3332/app/home/1" "Mozilla/5.0 (X11; Linux x86_64) AppleWebKit/537.36 (KHTML, like Gecko) Chrome/92.0.4515.159 Safari/537.36"
::1 - - [30/Aug/2021:10:59:05 +0000] "GET /app/MyDocs HTTP/1.1" 304 - "http://localhost:3332/app/home/1" "Mozilla/5.0 (X11; Linux x86_64) AppleWebKit/537.36 (KHTML, like Gecko) Chrome/92.0.4515.159 Safari/537.36"
::1 - - [30/Aug/2021:10:59:32 +0000] "GET /app/MyDocs HTTP/1.1" 304 - "http://localhost:3332/app/home/1" "Mozilla/5.0 (X11; Linux x86_64) AppleWebKit/537.36 (KHTML, like Gecko) Chrome/92.0.4515.159 Safari/537.36"
::1 - - [30/Aug/2021:11:04:06 +0000] "GET /app/MyDocs HTTP/1.1" 304 - "http://localhost:3332/app/home/1" "Mozilla/5.0 (X11; Linux x86_64) AppleWebKit/537.36 (KHTML, like Gecko) Chrome/92.0.4515.159 Safari/537.36"
::1 - - [30/Aug/2021:11:04:47 +0000] "GET /app/MyDocs HTTP/1.1" 304 - "http://localhost:3332/app/home/1" "Mozilla/5.0 (X11; Linux x86_64) AppleWebKit/537.36 (KHTML, like Gecko) Chrome/92.0.4515.159 Safari/537.36"
::1 - - [30/Aug/2021:11:07:56 +0000] "GET /app/MyDocs HTTP/1.1" 304 - "http://localhost:3332/app/home/1" "Mozilla/5.0 (X11; Linux x86_64) AppleWebKit/537.36 (KHTML, like Gecko) Chrome/92.0.4515.159 Safari/537.36"
::1 - - [30/Aug/2021:11:08:13 +0000] "GET /app/MyDocs HTTP/1.1" 200 4368 "http://localhost:3332/app/home/1" "Mozilla/5.0 (X11; Linux x86_64) AppleWebKit/537.36 (KHTML, like Gecko) Chrome/92.0.4515.159 Safari/537.36"
::1 - - [30/Aug/2021:11:08:14 +0000] "GET /favicon.ico HTTP/1.1" 404 3044 "http://localhost:3332/app/MyDocs" "Mozilla/5.0 (X11; Linux x86_64) AppleWebKit/537.36 (KHTML, like Gecko) Chrome/92.0.4515.159 Safari/537.36"
::1 - - [30/Aug/2021:11:11:06 +0000] "GET /app/MyDocs HTTP/1.1" 304 - "http://localhost:3332/app/home/1" "Mozilla/5.0 (X11; Linux x86_64) AppleWebKit/537.36 (KHTML, like Gecko) Chrome/92.0.4515.159 Safari/537.36"
::1 - - [30/Aug/2021:11:12:18 +0000] "GET /app/MyDocs HTTP/1.1" 304 - "http://localhost:3332/app/home/1" "Mozilla/5.0 (X11; Linux x86_64) AppleWebKit/537.36 (KHTML, like Gecko) Chrome/92.0.4515.159 Safari/537.36"
::1 - - [30/Aug/2021:11:12:30 +0000] "GET /app/MyDocs HTTP/1.1" 304 - "http://localhost:3332/app/home/1" "Mozilla/5.0 (X11; Linux x86_64) AppleWebKit/537.36 (KHTML, like Gecko) Chrome/92.0.4515.159 Safari/537.36"
::1 - - [30/Aug/2021:11:12:33 +0000] "GET /app/MyDocs HTTP/1.1" 200 4368 "http://localhost:3332/app/home/1" "Mozilla/5.0 (X11; Linux x86_64) AppleWebKit/537.36 (KHTML, like Gecko) Chrome/92.0.4515.159 Safari/537.36"
::1 - - [30/Aug/2021:11:12:34 +0000] "GET /favicon.ico HTTP/1.1" 404 3044 "http://localhost:3332/app/MyDocs" "Mozilla/5.0 (X11; Linux x86_64) AppleWebKit/537.36 (KHTML, like Gecko) Chrome/92.0.4515.159 Safari/537.36"
::1 - - [30/Aug/2021:11:13:00 +0000] "GET /app/MyDocs HTTP/1.1" 200 4368 "http://localhost:3332/app/home/1" "Mozilla/5.0 (X11; Linux x86_64) AppleWebKit/537.36 (KHTML, like Gecko) Chrome/92.0.4515.159 Safari/537.36"
::1 - - [30/Aug/2021:11:13:01 +0000] "GET /favicon.ico HTTP/1.1" 404 3044 "http://localhost:3332/app/MyDocs" "Mozilla/5.0 (X11; Linux x86_64) AppleWebKit/537.36 (KHTML, like Gecko) Chrome/92.0.4515.159 Safari/537.36"
::1 - - [30/Aug/2021:11:19:39 +0000] "GET /app/MyDocs HTTP/1.1" 200 4368 "http://localhost:3332/app/home/1" "Mozilla/5.0 (X11; Linux x86_64) AppleWebKit/537.36 (KHTML, like Gecko) Chrome/92.0.4515.159 Safari/537.36"
::1 - - [30/Aug/2021:11:19:40 +0000] "GET /favicon.ico HTTP/1.1" 404 3044 "http://localhost:3332/app/MyDocs" "Mozilla/5.0 (X11; Linux x86_64) AppleWebKit/537.36 (KHTML, like Gecko) Chrome/92.0.4515.159 Safari/537.36"
::1 - - [30/Aug/2021:11:24:29 +0000] "GET /app/MyDocs HTTP/1.1" 304 - "http://localhost:3332/app/home/1" "Mozilla/5.0 (X11; Linux x86_64) AppleWebKit/537.36 (KHTML, like Gecko) Chrome/92.0.4515.159 Safari/537.36"
::1 - - [30/Aug/2021:11:24:40 +0000] "GET /app/MyDocs HTTP/1.1" 200 4368 "http://localhost:3332/app/home/1" "Mozilla/5.0 (X11; Linux x86_64) AppleWebKit/537.36 (KHTML, like Gecko) Chrome/92.0.4515.159 Safari/537.36"
::1 - - [30/Aug/2021:11:24:41 +0000] "GET /favicon.ico HTTP/1.1" 404 3044 "http://localhost:3332/app/MyDocs" "Mozilla/5.0 (X11; Linux x86_64) AppleWebKit/537.36 (KHTML, like Gecko) Chrome/92.0.4515.159 Safari/537.36"
::1 - - [30/Aug/2021:11:25:55 +0000] "GET /app/MyDocs HTTP/1.1" 304 - "http://localhost:3332/app/home/1" "Mozilla/5.0 (X11; Linux x86_64) AppleWebKit/537.36 (KHTML, like Gecko) Chrome/92.0.4515.159 Safari/537.36"
::1 - - [30/Aug/2021:11:25:57 +0000] "GET /app/register HTTP/1.1" 200 3784 "http://localhost:3332/app/MyDocs" "Mozilla/5.0 (X11; Linux x86_64) AppleWebKit/537.36 (KHTML, like Gecko) Chrome/92.0.4515.159 Safari/537.36"
::1 - - [30/Aug/2021:11:30:38 +0000] "GET /app/register HTTP/1.1" 304 - "http://localhost:3332/app/MyDocs" "Mozilla/5.0 (X11; Linux x86_64) AppleWebKit/537.36 (KHTML, like Gecko) Chrome/92.0.4515.159 Safari/537.36"
::1 - - [30/Aug/2021:11:30:51 +0000] "GET /app/MyDocs HTTP/1.1" 304 - "http://localhost:3332/app/register" "Mozilla/5.0 (X11; Linux x86_64) AppleWebKit/537.36 (KHTML, like Gecko) Chrome/92.0.4515.159 Safari/537.36"
::1 - - [30/Aug/2021:11:31:44 +0000] "GET /app/register HTTP/1.1" 304 - "http://localhost:3332/app/MyDocs" "Mozilla/5.0 (X11; Linux x86_64) AppleWebKit/537.36 (KHTML, like Gecko) Chrome/92.0.4515.159 Safari/537.36"
::1 - - [30/Aug/2021:11:31:49 +0000] "GET /app/AddDocs HTTP/1.1" 200 4535 "http://localhost:3332/app/register" "Mozilla/5.0 (X11; Linux x86_64) AppleWebKit/537.36 (KHTML, like Gecko) Chrome/92.0.4515.159 Safari/537.36"
::1 - - [30/Aug/2021:11:32:25 +0000] "POST /app/AddDocs HTTP/1.1" 302 66 "http://localhost:3332/app/AddDocs" "Mozilla/5.0 (X11; Linux x86_64) AppleWebKit/537.36 (KHTML, like Gecko) Chrome/92.0.4515.159 Safari/537.36"
::1 - - [30/Aug/2021:11:32:25 +0000] "GET /app/home/1 HTTP/1.1" 200 4566 "http://localhost:3332/app/AddDocs" "Mozilla/5.0 (X11; Linux x86_64) AppleWebKit/537.36 (KHTML, like Gecko) Chrome/92.0.4515.159 Safari/537.36"
::1 - - [30/Aug/2021:11:32:36 +0000] "GET /app/register HTTP/1.1" 304 - "http://localhost:3332/app/home/1" "Mozilla/5.0 (X11; Linux x86_64) AppleWebKit/537.36 (KHTML, like Gecko) Chrome/92.0.4515.159 Safari/537.36"
::1 - - [30/Aug/2021:11:33:54 +0000] "GET / HTTP/1.1" 200 2690 "-" "Mozilla/5.0 (X11; Linux x86_64) AppleWebKit/537.36 (KHTML, like Gecko) Chrome/92.0.4515.159 Safari/537.36"
::1 - - [30/Aug/2021:11:33:56 +0000] "POST /login HTTP/1.1" 302 66 "http://localhost:3332/" "Mozilla/5.0 (X11; Linux x86_64) AppleWebKit/537.36 (KHTML, like Gecko) Chrome/92.0.4515.159 Safari/537.36"
::1 - - [30/Aug/2021:11:33:56 +0000] "GET /app/home/1 HTTP/1.1" 304 - "http://localhost:3332/" "Mozilla/5.0 (X11; Linux x86_64) AppleWebKit/537.36 (KHTML, like Gecko) Chrome/92.0.4515.159 Safari/537.36"
::1 - - [30/Aug/2021:11:33:59 +0000] "GET /app/register HTTP/1.1" 304 - "http://localhost:3332/app/home/1" "Mozilla/5.0 (X11; Linux x86_64) AppleWebKit/537.36 (KHTML, like Gecko) Chrome/92.0.4515.159 Safari/537.36"
::1 - - [30/Aug/2021:11:34:24 +0000] "POST /app/register HTTP/1.1" 302 66 "http://localhost:3332/app/register" "Mozilla/5.0 (X11; Linux x86_64) AppleWebKit/537.36 (KHTML, like Gecko) Chrome/92.0.4515.159 Safari/537.36"
::1 - - [30/Aug/2021:11:34:24 +0000] "GET /app/home/1 HTTP/1.1" 304 - "http://localhost:3332/app/register" "Mozilla/5.0 (X11; Linux x86_64) AppleWebKit/537.36 (KHTML, like Gecko) Chrome/92.0.4515.159 Safari/537.36"
::1 - - [30/Aug/2021:11:34:29 +0000] "GET /admin/getUsers HTTP/1.1" 200 6135 "http://localhost:3332/app/home/1" "Mozilla/5.0 (X11; Linux x86_64) AppleWebKit/537.36 (KHTML, like Gecko) Chrome/92.0.4515.159 Safari/537.36"
::1 - - [30/Aug/2021:11:37:09 +0000] "GET /app/register HTTP/1.1" 200 3784 "http://localhost:3332/admin/getUsers" "Mozilla/5.0 (X11; Linux x86_64) AppleWebKit/537.36 (KHTML, like Gecko) Chrome/92.0.4515.159 Safari/537.36"
::1 - - [31/Aug/2021:06:13:42 +0000] "GET / HTTP/1.1" 304 - "-" "Mozilla/5.0 (X11; Linux x86_64) AppleWebKit/537.36 (KHTML, like Gecko) Chrome/92.0.4515.159 Safari/537.36"
::1 - - [31/Aug/2021:06:13:44 +0000] "GET /favicon.ico HTTP/1.1" 404 3044 "http://localhost:3332/" "Mozilla/5.0 (X11; Linux x86_64) AppleWebKit/537.36 (KHTML, like Gecko) Chrome/92.0.4515.159 Safari/537.36"
::1 - - [31/Aug/2021:06:14:01 +0000] "POST /login HTTP/1.1" 302 66 "http://localhost:3332/" "Mozilla/5.0 (X11; Linux x86_64) AppleWebKit/537.36 (KHTML, like Gecko) Chrome/92.0.4515.159 Safari/537.36"
::1 - - [31/Aug/2021:06:14:01 +0000] "GET /app/home/1 HTTP/1.1" 304 - "http://localhost:3332/" "Mozilla/5.0 (X11; Linux x86_64) AppleWebKit/537.36 (KHTML, like Gecko) Chrome/92.0.4515.159 Safari/537.36"
::1 - - [31/Aug/2021:06:14:04 +0000] "GET /app/MyDocs HTTP/1.1" 200 5243 "http://localhost:3332/app/home/1" "Mozilla/5.0 (X11; Linux x86_64) AppleWebKit/537.36 (KHTML, like Gecko) Chrome/92.0.4515.159 Safari/537.36"
::1 - - [31/Aug/2021:06:31:19 +0000] "GET /app/MyDocs HTTP/1.1" 304 - "http://localhost:3332/app/home/1" "Mozilla/5.0 (X11; Linux x86_64) AppleWebKit/537.36 (KHTML, like Gecko) Chrome/92.0.4515.159 Safari/537.36"
::1 - - [31/Aug/2021:06:32:31 +0000] "GET /app/MyDocs HTTP/1.1" 304 - "http://localhost:3332/app/home/1" "Mozilla/5.0 (X11; Linux x86_64) AppleWebKit/537.36 (KHTML, like Gecko) Chrome/92.0.4515.159 Safari/537.36"
::1 - - [31/Aug/2021:06:33:19 +0000] "GET /app/MyDocs HTTP/1.1" 304 - "http://localhost:3332/app/home/1" "Mozilla/5.0 (X11; Linux x86_64) AppleWebKit/537.36 (KHTML, like Gecko) Chrome/92.0.4515.159 Safari/537.36"
::1 - - [31/Aug/2021:06:34:27 +0000] "GET /app/MyDocs HTTP/1.1" 304 - "http://localhost:3332/app/home/1" "Mozilla/5.0 (X11; Linux x86_64) AppleWebKit/537.36 (KHTML, like Gecko) Chrome/92.0.4515.159 Safari/537.36"
::1 - - [31/Aug/2021:06:38:56 +0000] "GET /app/MyDocs HTTP/1.1" 304 - "http://localhost:3332/app/home/1" "Mozilla/5.0 (X11; Linux x86_64) AppleWebKit/537.36 (KHTML, like Gecko) Chrome/92.0.4515.159 Safari/537.36"
::1 - - [31/Aug/2021:06:39:17 +0000] "GET /app/MyDocs HTTP/1.1" 200 5243 "http://localhost:3332/app/home/1" "Mozilla/5.0 (X11; Linux x86_64) AppleWebKit/537.36 (KHTML, like Gecko) Chrome/92.0.4515.159 Safari/537.36"
::1 - - [31/Aug/2021:06:39:18 +0000] "GET /favicon.ico HTTP/1.1" 404 3044 "http://localhost:3332/app/MyDocs" "Mozilla/5.0 (X11; Linux x86_64) AppleWebKit/537.36 (KHTML, like Gecko) Chrome/92.0.4515.159 Safari/537.36"
::1 - - [31/Aug/2021:06:39:30 +0000] "GET /app/MyDocs? HTTP/1.1" 200 5243 "http://localhost:3332/app/MyDocs" "Mozilla/5.0 (X11; Linux x86_64) AppleWebKit/537.36 (KHTML, like Gecko) Chrome/92.0.4515.159 Safari/537.36"
::1 - - [31/Aug/2021:06:54:45 +0000] "GET /app/MyDocs? HTTP/1.1" 304 - "http://localhost:3332/app/MyDocs" "Mozilla/5.0 (X11; Linux x86_64) AppleWebKit/537.36 (KHTML, like Gecko) Chrome/92.0.4515.159 Safari/537.36"
::1 - - [31/Aug/2021:07:01:43 +0000] "GET /app/MyDocs? HTTP/1.1" 304 - "http://localhost:3332/app/MyDocs" "Mozilla/5.0 (X11; Linux x86_64) AppleWebKit/537.36 (KHTML, like Gecko) Chrome/92.0.4515.159 Safari/537.36"
::1 - - [31/Aug/2021:07:01:49 +0000] "GET /app/MyDocs? HTTP/1.1" 304 - "http://localhost:3332/app/MyDocs" "Mozilla/5.0 (X11; Linux x86_64) AppleWebKit/537.36 (KHTML, like Gecko) Chrome/92.0.4515.159 Safari/537.36"
::1 - - [31/Aug/2021:07:05:37 +0000] "GET /app/MyDocs? HTTP/1.1" 304 - "http://localhost:3332/app/MyDocs" "Mozilla/5.0 (X11; Linux x86_64) AppleWebKit/537.36 (KHTML, like Gecko) Chrome/92.0.4515.159 Safari/537.36"
::1 - - [31/Aug/2021:07:07:14 +0000] "GET /app/MyDocs? HTTP/1.1" 304 - "http://localhost:3332/app/MyDocs" "Mozilla/5.0 (X11; Linux x86_64) AppleWebKit/537.36 (KHTML, like Gecko) Chrome/92.0.4515.159 Safari/537.36"
::1 - - [31/Aug/2021:07:08:57 +0000] "GET /app/MyDocs? HTTP/1.1" 304 - "http://localhost:3332/app/MyDocs" "Mozilla/5.0 (X11; Linux x86_64) AppleWebKit/537.36 (KHTML, like Gecko) Chrome/92.0.4515.159 Safari/537.36"
::1 - - [31/Aug/2021:07:11:01 +0000] "GET /app/MyDocs? HTTP/1.1" 304 - "http://localhost:3332/app/MyDocs" "Mozilla/5.0 (X11; Linux x86_64) AppleWebKit/537.36 (KHTML, like Gecko) Chrome/92.0.4515.159 Safari/537.36"
::1 - - [31/Aug/2021:07:11:42 +0000] "GET /app/MyDocs? HTTP/1.1" 304 - "http://localhost:3332/app/MyDocs" "Mozilla/5.0 (X11; Linux x86_64) AppleWebKit/537.36 (KHTML, like Gecko) Chrome/92.0.4515.159 Safari/537.36"
::1 - - [31/Aug/2021:07:14:20 +0000] "GET /app/MyDocs? HTTP/1.1" 304 - "http://localhost:3332/app/MyDocs" "Mozilla/5.0 (X11; Linux x86_64) AppleWebKit/537.36 (KHTML, like Gecko) Chrome/92.0.4515.159 Safari/537.36"
::1 - - [31/Aug/2021:07:14:57 +0000] "GET /app/MyDocs? HTTP/1.1" 304 - "http://localhost:3332/app/MyDocs" "Mozilla/5.0 (X11; Linux x86_64) AppleWebKit/537.36 (KHTML, like Gecko) Chrome/92.0.4515.159 Safari/537.36"
::1 - - [31/Aug/2021:07:17:19 +0000] "GET /app/MyDocs? HTTP/1.1" 304 - "http://localhost:3332/app/MyDocs" "Mozilla/5.0 (X11; Linux x86_64) AppleWebKit/537.36 (KHTML, like Gecko) Chrome/92.0.4515.159 Safari/537.36"
::1 - - [31/Aug/2021:07:18:50 +0000] "GET /app/MyDocs? HTTP/1.1" 304 - "http://localhost:3332/app/MyDocs" "Mozilla/5.0 (X11; Linux x86_64) AppleWebKit/537.36 (KHTML, like Gecko) Chrome/92.0.4515.159 Safari/537.36"
::1 - - [31/Aug/2021:07:29:04 +0000] "GET /app/MyDocs? HTTP/1.1" 304 - "http://localhost:3332/app/MyDocs" "Mozilla/5.0 (X11; Linux x86_64) AppleWebKit/537.36 (KHTML, like Gecko) Chrome/92.0.4515.159 Safari/537.36"
::1 - - [31/Aug/2021:07:30:32 +0000] "GET /app/MyDocs? HTTP/1.1" 304 - "http://localhost:3332/app/MyDocs" "Mozilla/5.0 (X11; Linux x86_64) AppleWebKit/537.36 (KHTML, like Gecko) Chrome/92.0.4515.159 Safari/537.36"
::1 - - [31/Aug/2021:07:35:38 +0000] "GET /app/MyDocs? HTTP/1.1" 304 - "http://localhost:3332/app/MyDocs" "Mozilla/5.0 (X11; Linux x86_64) AppleWebKit/537.36 (KHTML, like Gecko) Chrome/92.0.4515.159 Safari/537.36"
::1 - - [31/Aug/2021:07:37:04 +0000] "GET /app/MyDocs? HTTP/1.1" 304 - "http://localhost:3332/app/MyDocs" "Mozilla/5.0 (X11; Linux x86_64) AppleWebKit/537.36 (KHTML, like Gecko) Chrome/92.0.4515.159 Safari/537.36"
::1 - - [31/Aug/2021:07:37:49 +0000] "GET /app/MyDocs? HTTP/1.1" 304 - "http://localhost:3332/app/MyDocs" "Mozilla/5.0 (X11; Linux x86_64) AppleWebKit/537.36 (KHTML, like Gecko) Chrome/92.0.4515.159 Safari/537.36"
::1 - - [31/Aug/2021:07:46:35 +0000] "GET /app/MyDocs? HTTP/1.1" 304 - "http://localhost:3332/app/MyDocs" "Mozilla/5.0 (X11; Linux x86_64) AppleWebKit/537.36 (KHTML, like Gecko) Chrome/92.0.4515.159 Safari/537.36"
::1 - - [31/Aug/2021:07:50:31 +0000] "GET /app/MyDocs? HTTP/1.1" 200 5243 "http://localhost:3332/app/MyDocs" "Mozilla/5.0 (X11; Linux x86_64) AppleWebKit/537.36 (KHTML, like Gecko) Chrome/92.0.4515.159 Safari/537.36"
::1 - - [31/Aug/2021:07:50:32 +0000] "GET /favicon.ico HTTP/1.1" 404 3044 "http://localhost:3332/app/MyDocs?" "Mozilla/5.0 (X11; Linux x86_64) AppleWebKit/537.36 (KHTML, like Gecko) Chrome/92.0.4515.159 Safari/537.36"
::1 - - [31/Aug/2021:07:51:28 +0000] "GET /app/MyDocs? HTTP/1.1" 304 - "http://localhost:3332/app/MyDocs" "Mozilla/5.0 (X11; Linux x86_64) AppleWebKit/537.36 (KHTML, like Gecko) Chrome/92.0.4515.159 Safari/537.36"
::1 - - [31/Aug/2021:07:55:55 +0000] "GET /app/MyDocs? HTTP/1.1" 304 - "http://localhost:3332/app/MyDocs" "Mozilla/5.0 (X11; Linux x86_64) AppleWebKit/537.36 (KHTML, like Gecko) Chrome/92.0.4515.159 Safari/537.36"
::1 - - [31/Aug/2021:08:01:40 +0000] "GET /app/MyDocs? HTTP/1.1" 304 - "http://localhost:3332/app/MyDocs" "Mozilla/5.0 (X11; Linux x86_64) AppleWebKit/537.36 (KHTML, like Gecko) Chrome/92.0.4515.159 Safari/537.36"
::1 - - [31/Aug/2021:08:02:27 +0000] "GET /app/MyDocs? HTTP/1.1" 304 - "http://localhost:3332/app/MyDocs" "Mozilla/5.0 (X11; Linux x86_64) AppleWebKit/537.36 (KHTML, like Gecko) Chrome/92.0.4515.159 Safari/537.36"
::1 - - [31/Aug/2021:08:05:17 +0000] "GET /app/MyDocs? HTTP/1.1" 304 - "http://localhost:3332/app/MyDocs" "Mozilla/5.0 (X11; Linux x86_64) AppleWebKit/537.36 (KHTML, like Gecko) Chrome/92.0.4515.159 Safari/537.36"
::1 - - [31/Aug/2021:08:05:23 +0000] "GET /app/MyDocs? HTTP/1.1" 304 - "http://localhost:3332/app/MyDocs" "Mozilla/5.0 (X11; Linux x86_64) AppleWebKit/537.36 (KHTML, like Gecko) Chrome/92.0.4515.159 Safari/537.36"
::1 - - [31/Aug/2021:08:05:25 +0000] "GET /app/MyDocs? HTTP/1.1" 200 5243 "http://localhost:3332/app/MyDocs" "Mozilla/5.0 (X11; Linux x86_64) AppleWebKit/537.36 (KHTML, like Gecko) Chrome/92.0.4515.159 Safari/537.36"
::1 - - [31/Aug/2021:08:05:25 +0000] "GET /favicon.ico HTTP/1.1" 404 3044 "http://localhost:3332/app/MyDocs?" "Mozilla/5.0 (X11; Linux x86_64) AppleWebKit/537.36 (KHTML, like Gecko) Chrome/92.0.4515.159 Safari/537.36"
::1 - - [31/Aug/2021:08:06:43 +0000] "GET /app/MyDocs? HTTP/1.1" 304 - "http://localhost:3332/app/MyDocs" "Mozilla/5.0 (X11; Linux x86_64) AppleWebKit/537.36 (KHTML, like Gecko) Chrome/92.0.4515.159 Safari/537.36"
::1 - - [31/Aug/2021:08:14:19 +0000] "GET /app/MyDocs? HTTP/1.1" 304 - "http://localhost:3332/app/MyDocs" "Mozilla/5.0 (X11; Linux x86_64) AppleWebKit/537.36 (KHTML, like Gecko) Chrome/92.0.4515.159 Safari/537.36"
::1 - - [31/Aug/2021:08:15:28 +0000] "GET /app/MyDocs? HTTP/1.1" 200 5243 "http://localhost:3332/app/MyDocs" "Mozilla/5.0 (X11; Linux x86_64) AppleWebKit/537.36 (KHTML, like Gecko) Chrome/92.0.4515.159 Safari/537.36"
::1 - - [31/Aug/2021:08:15:29 +0000] "GET /favicon.ico HTTP/1.1" 404 3044 "http://localhost:3332/app/MyDocs?" "Mozilla/5.0 (X11; Linux x86_64) AppleWebKit/537.36 (KHTML, like Gecko) Chrome/92.0.4515.159 Safari/537.36"
::1 - - [31/Aug/2021:08:15:55 +0000] "GET /app/MyDocs? HTTP/1.1" 200 5243 "http://localhost:3332/app/MyDocs" "Mozilla/5.0 (X11; Linux x86_64) AppleWebKit/537.36 (KHTML, like Gecko) Chrome/92.0.4515.159 Safari/537.36"
::1 - - [31/Aug/2021:08:15:56 +0000] "GET /favicon.ico HTTP/1.1" 404 3044 "http://localhost:3332/app/MyDocs?" "Mozilla/5.0 (X11; Linux x86_64) AppleWebKit/537.36 (KHTML, like Gecko) Chrome/92.0.4515.159 Safari/537.36"
::1 - - [31/Aug/2021:08:16:54 +0000] "GET /app/MyDocs? HTTP/1.1" 200 5243 "http://localhost:3332/app/MyDocs" "Mozilla/5.0 (X11; Linux x86_64) AppleWebKit/537.36 (KHTML, like Gecko) Chrome/92.0.4515.159 Safari/537.36"
::1 - - [31/Aug/2021:08:16:55 +0000] "GET /favicon.ico HTTP/1.1" 404 3044 "http://localhost:3332/app/MyDocs?" "Mozilla/5.0 (X11; Linux x86_64) AppleWebKit/537.36 (KHTML, like Gecko) Chrome/92.0.4515.159 Safari/537.36"
::1 - - [31/Aug/2021:08:17:29 +0000] "GET /app/MyDocs? HTTP/1.1" 200 5243 "http://localhost:3332/app/MyDocs" "Mozilla/5.0 (X11; Linux x86_64) AppleWebKit/537.36 (KHTML, like Gecko) Chrome/92.0.4515.159 Safari/537.36"
::1 - - [31/Aug/2021:08:17:30 +0000] "GET /favicon.ico HTTP/1.1" 404 3044 "http://localhost:3332/app/MyDocs?" "Mozilla/5.0 (X11; Linux x86_64) AppleWebKit/537.36 (KHTML, like Gecko) Chrome/92.0.4515.159 Safari/537.36"
::1 - - [31/Aug/2021:08:20:36 +0000] "GET /app/MyDocs? HTTP/1.1" 200 5243 "http://localhost:3332/app/MyDocs" "Mozilla/5.0 (X11; Linux x86_64) AppleWebKit/537.36 (KHTML, like Gecko) Chrome/92.0.4515.159 Safari/537.36"
::1 - - [31/Aug/2021:08:20:37 +0000] "GET /favicon.ico HTTP/1.1" 404 3044 "http://localhost:3332/app/MyDocs?" "Mozilla/5.0 (X11; Linux x86_64) AppleWebKit/537.36 (KHTML, like Gecko) Chrome/92.0.4515.159 Safari/537.36"
::1 - - [31/Aug/2021:08:23:22 +0000] "GET /app/MyDocs? HTTP/1.1" 304 - "http://localhost:3332/app/MyDocs" "Mozilla/5.0 (X11; Linux x86_64) AppleWebKit/537.36 (KHTML, like Gecko) Chrome/92.0.4515.159 Safari/537.36"
::1 - - [31/Aug/2021:08:25:19 +0000] "GET /app/MyDocs? HTTP/1.1" 304 - "http://localhost:3332/app/MyDocs" "Mozilla/5.0 (X11; Linux x86_64) AppleWebKit/537.36 (KHTML, like Gecko) Chrome/92.0.4515.159 Safari/537.36"
::1 - - [31/Aug/2021:08:26:43 +0000] "GET /app/MyDocs? HTTP/1.1" 304 - "http://localhost:3332/app/MyDocs" "Mozilla/5.0 (X11; Linux x86_64) AppleWebKit/537.36 (KHTML, like Gecko) Chrome/92.0.4515.159 Safari/537.36"
::1 - - [31/Aug/2021:08:27:03 +0000] "GET /app/MyDocs? HTTP/1.1" 304 - "http://localhost:3332/app/MyDocs" "Mozilla/5.0 (X11; Linux x86_64) AppleWebKit/537.36 (KHTML, like Gecko) Chrome/92.0.4515.159 Safari/537.36"
::1 - - [31/Aug/2021:08:32:32 +0000] "GET /app/MyDocs? HTTP/1.1" 304 - "http://localhost:3332/app/MyDocs" "Mozilla/5.0 (X11; Linux x86_64) AppleWebKit/537.36 (KHTML, like Gecko) Chrome/92.0.4515.159 Safari/537.36"
::1 - - [31/Aug/2021:08:32:35 +0000] "GET /app/MyDocs? HTTP/1.1" 304 - "http://localhost:3332/app/MyDocs" "Mozilla/5.0 (X11; Linux x86_64) AppleWebKit/537.36 (KHTML, like Gecko) Chrome/92.0.4515.159 Safari/537.36"
::1 - - [31/Aug/2021:08:32:36 +0000] "GET /app/MyDocs? HTTP/1.1" 304 - "http://localhost:3332/app/MyDocs" "Mozilla/5.0 (X11; Linux x86_64) AppleWebKit/537.36 (KHTML, like Gecko) Chrome/92.0.4515.159 Safari/537.36"
::1 - - [31/Aug/2021:08:32:38 +0000] "GET /app/MyDocs? HTTP/1.1" 200 5243 "http://localhost:3332/app/MyDocs" "Mozilla/5.0 (X11; Linux x86_64) AppleWebKit/537.36 (KHTML, like Gecko) Chrome/92.0.4515.159 Safari/537.36"
::1 - - [31/Aug/2021:08:32:39 +0000] "GET /favicon.ico HTTP/1.1" 404 3044 "http://localhost:3332/app/MyDocs?" "Mozilla/5.0 (X11; Linux x86_64) AppleWebKit/537.36 (KHTML, like Gecko) Chrome/92.0.4515.159 Safari/537.36"
::1 - - [31/Aug/2021:08:35:25 +0000] "GET /app/MyDocs? HTTP/1.1" 304 - "http://localhost:3332/app/MyDocs" "Mozilla/5.0 (X11; Linux x86_64) AppleWebKit/537.36 (KHTML, like Gecko) Chrome/92.0.4515.159 Safari/537.36"
::1 - - [31/Aug/2021:08:37:07 +0000] "GET /app/MyDocs? HTTP/1.1" 304 - "http://localhost:3332/app/MyDocs" "Mozilla/5.0 (X11; Linux x86_64) AppleWebKit/537.36 (KHTML, like Gecko) Chrome/92.0.4515.159 Safari/537.36"
::1 - - [31/Aug/2021:08:37:24 +0000] "GET /app/MyDocs? HTTP/1.1" 200 5243 "http://localhost:3332/app/MyDocs" "Mozilla/5.0 (X11; Linux x86_64) AppleWebKit/537.36 (KHTML, like Gecko) Chrome/92.0.4515.159 Safari/537.36"
::1 - - [31/Aug/2021:08:37:24 +0000] "GET /favicon.ico HTTP/1.1" 404 3044 "http://localhost:3332/app/MyDocs?" "Mozilla/5.0 (X11; Linux x86_64) AppleWebKit/537.36 (KHTML, like Gecko) Chrome/92.0.4515.159 Safari/537.36"
::1 - - [31/Aug/2021:08:38:27 +0000] "GET /app/MyDocs? HTTP/1.1" 200 5243 "http://localhost:3332/app/MyDocs" "Mozilla/5.0 (X11; Linux x86_64) AppleWebKit/537.36 (KHTML, like Gecko) Chrome/92.0.4515.159 Safari/537.36"
::1 - - [31/Aug/2021:08:38:27 +0000] "GET /favicon.ico HTTP/1.1" 404 3044 "http://localhost:3332/app/MyDocs?" "Mozilla/5.0 (X11; Linux x86_64) AppleWebKit/537.36 (KHTML, like Gecko) Chrome/92.0.4515.159 Safari/537.36"
::1 - - [31/Aug/2021:08:38:41 +0000] "GET /app/MyDocs? HTTP/1.1" 304 - "http://localhost:3332/app/MyDocs" "Mozilla/5.0 (X11; Linux x86_64) AppleWebKit/537.36 (KHTML, like Gecko) Chrome/92.0.4515.159 Safari/537.36"
::1 - - [31/Aug/2021:08:39:55 +0000] "GET /app/MyDocs? HTTP/1.1" 304 - "http://localhost:3332/app/MyDocs" "Mozilla/5.0 (X11; Linux x86_64) AppleWebKit/537.36 (KHTML, like Gecko) Chrome/92.0.4515.159 Safari/537.36"
::1 - - [31/Aug/2021:08:44:12 +0000] "GET /app/MyDocs? HTTP/1.1" 304 - "http://localhost:3332/app/MyDocs" "Mozilla/5.0 (X11; Linux x86_64) AppleWebKit/537.36 (KHTML, like Gecko) Chrome/92.0.4515.159 Safari/537.36"
::1 - - [31/Aug/2021:08:45:03 +0000] "GET /app/MyDocs? HTTP/1.1" 304 - "http://localhost:3332/app/MyDocs" "Mozilla/5.0 (X11; Linux x86_64) AppleWebKit/537.36 (KHTML, like Gecko) Chrome/92.0.4515.159 Safari/537.36"
::1 - - [31/Aug/2021:08:45:51 +0000] "GET /app/MyDocs? HTTP/1.1" 200 5243 "http://localhost:3332/app/MyDocs" "Mozilla/5.0 (X11; Linux x86_64) AppleWebKit/537.36 (KHTML, like Gecko) Chrome/92.0.4515.159 Safari/537.36"
::1 - - [31/Aug/2021:08:45:52 +0000] "GET /favicon.ico HTTP/1.1" 404 3044 "http://localhost:3332/app/MyDocs?" "Mozilla/5.0 (X11; Linux x86_64) AppleWebKit/537.36 (KHTML, like Gecko) Chrome/92.0.4515.159 Safari/537.36"
::1 - - [31/Aug/2021:08:50:09 +0000] "GET /app/MyDocs? HTTP/1.1" 304 - "http://localhost:3332/app/MyDocs" "Mozilla/5.0 (X11; Linux x86_64) AppleWebKit/537.36 (KHTML, like Gecko) Chrome/92.0.4515.159 Safari/537.36"
::1 - - [31/Aug/2021:08:54:50 +0000] "GET /app/MyDocs? HTTP/1.1" 304 - "http://localhost:3332/app/MyDocs" "Mozilla/5.0 (X11; Linux x86_64) AppleWebKit/537.36 (KHTML, like Gecko) Chrome/92.0.4515.159 Safari/537.36"
::1 - - [31/Aug/2021:08:55:06 +0000] "GET /app/MyDocs? HTTP/1.1" 200 5243 "http://localhost:3332/app/MyDocs" "Mozilla/5.0 (X11; Linux x86_64) AppleWebKit/537.36 (KHTML, like Gecko) Chrome/92.0.4515.159 Safari/537.36"
::1 - - [31/Aug/2021:08:55:07 +0000] "GET /favicon.ico HTTP/1.1" 404 3044 "http://localhost:3332/app/MyDocs?" "Mozilla/5.0 (X11; Linux x86_64) AppleWebKit/537.36 (KHTML, like Gecko) Chrome/92.0.4515.159 Safari/537.36"
::1 - - [31/Aug/2021:08:56:24 +0000] "GET /app/MyDocs? HTTP/1.1" 200 5243 "http://localhost:3332/app/MyDocs" "Mozilla/5.0 (X11; Linux x86_64) AppleWebKit/537.36 (KHTML, like Gecko) Chrome/92.0.4515.159 Safari/537.36"
::1 - - [31/Aug/2021:08:56:25 +0000] "GET /favicon.ico HTTP/1.1" 404 3044 "http://localhost:3332/app/MyDocs?" "Mozilla/5.0 (X11; Linux x86_64) AppleWebKit/537.36 (KHTML, like Gecko) Chrome/92.0.4515.159 Safari/537.36"
::1 - - [31/Aug/2021:08:56:32 +0000] "GET /app/MyDocs? HTTP/1.1" 200 5243 "http://localhost:3332/app/MyDocs" "Mozilla/5.0 (X11; Linux x86_64) AppleWebKit/537.36 (KHTML, like Gecko) Chrome/92.0.4515.159 Safari/537.36"
::1 - - [31/Aug/2021:08:56:33 +0000] "GET /favicon.ico HTTP/1.1" 404 3044 "http://localhost:3332/app/MyDocs?" "Mozilla/5.0 (X11; Linux x86_64) AppleWebKit/537.36 (KHTML, like Gecko) Chrome/92.0.4515.159 Safari/537.36"
::1 - - [31/Aug/2021:08:57:32 +0000] "GET /app/MyDocs? HTTP/1.1" 200 5243 "http://localhost:3332/app/MyDocs" "Mozilla/5.0 (X11; Linux x86_64) AppleWebKit/537.36 (KHTML, like Gecko) Chrome/92.0.4515.159 Safari/537.36"
::1 - - [31/Aug/2021:08:57:32 +0000] "GET /favicon.ico HTTP/1.1" 404 3044 "http://localhost:3332/app/MyDocs?" "Mozilla/5.0 (X11; Linux x86_64) AppleWebKit/537.36 (KHTML, like Gecko) Chrome/92.0.4515.159 Safari/537.36"
::1 - - [31/Aug/2021:08:58:19 +0000] "GET /app/MyDocs? HTTP/1.1" 200 5243 "http://localhost:3332/app/MyDocs" "Mozilla/5.0 (X11; Linux x86_64) AppleWebKit/537.36 (KHTML, like Gecko) Chrome/92.0.4515.159 Safari/537.36"
::1 - - [31/Aug/2021:08:58:20 +0000] "GET /favicon.ico HTTP/1.1" 404 3044 "http://localhost:3332/app/MyDocs?" "Mozilla/5.0 (X11; Linux x86_64) AppleWebKit/537.36 (KHTML, like Gecko) Chrome/92.0.4515.159 Safari/537.36"
::1 - - [31/Aug/2021:08:59:04 +0000] "GET /app/MyDocs? HTTP/1.1" 200 5243 "http://localhost:3332/app/MyDocs" "Mozilla/5.0 (X11; Linux x86_64) AppleWebKit/537.36 (KHTML, like Gecko) Chrome/92.0.4515.159 Safari/537.36"
::1 - - [31/Aug/2021:08:59:05 +0000] "GET /favicon.ico HTTP/1.1" 404 3044 "http://localhost:3332/app/MyDocs?" "Mozilla/5.0 (X11; Linux x86_64) AppleWebKit/537.36 (KHTML, like Gecko) Chrome/92.0.4515.159 Safari/537.36"
::1 - - [31/Aug/2021:09:00:51 +0000] "GET /app/MyDocs? HTTP/1.1" 200 5243 "http://localhost:3332/app/MyDocs" "Mozilla/5.0 (X11; Linux x86_64) AppleWebKit/537.36 (KHTML, like Gecko) Chrome/92.0.4515.159 Safari/537.36"
::1 - - [31/Aug/2021:09:00:51 +0000] "GET /favicon.ico HTTP/1.1" 404 3044 "http://localhost:3332/app/MyDocs?" "Mozilla/5.0 (X11; Linux x86_64) AppleWebKit/537.36 (KHTML, like Gecko) Chrome/92.0.4515.159 Safari/537.36"
::1 - - [31/Aug/2021:09:01:25 +0000] "GET /app/MyDocs? HTTP/1.1" 200 5243 "http://localhost:3332/app/MyDocs" "Mozilla/5.0 (X11; Linux x86_64) AppleWebKit/537.36 (KHTML, like Gecko) Chrome/92.0.4515.159 Safari/537.36"
::1 - - [31/Aug/2021:09:01:26 +0000] "GET /favicon.ico HTTP/1.1" 404 3044 "http://localhost:3332/app/MyDocs?" "Mozilla/5.0 (X11; Linux x86_64) AppleWebKit/537.36 (KHTML, like Gecko) Chrome/92.0.4515.159 Safari/537.36"
::1 - - [31/Aug/2021:09:05:08 +0000] "GET /app/MyDocs? HTTP/1.1" 304 - "http://localhost:3332/app/MyDocs" "Mozilla/5.0 (X11; Linux x86_64) AppleWebKit/537.36 (KHTML, like Gecko) Chrome/92.0.4515.159 Safari/537.36"
::1 - - [31/Aug/2021:09:05:13 +0000] "GET /app/MyDocs? HTTP/1.1" 200 5243 "http://localhost:3332/app/MyDocs" "Mozilla/5.0 (X11; Linux x86_64) AppleWebKit/537.36 (KHTML, like Gecko) Chrome/92.0.4515.159 Safari/537.36"
::1 - - [31/Aug/2021:09:05:14 +0000] "GET /favicon.ico HTTP/1.1" 404 3044 "http://localhost:3332/app/MyDocs?" "Mozilla/5.0 (X11; Linux x86_64) AppleWebKit/537.36 (KHTML, like Gecko) Chrome/92.0.4515.159 Safari/537.36"
::1 - - [31/Aug/2021:09:08:49 +0000] "GET /app/MyDocs? HTTP/1.1" 200 5243 "http://localhost:3332/app/MyDocs" "Mozilla/5.0 (X11; Linux x86_64) AppleWebKit/537.36 (KHTML, like Gecko) Chrome/92.0.4515.159 Safari/537.36"
::1 - - [31/Aug/2021:09:08:50 +0000] "GET /favicon.ico HTTP/1.1" 404 3044 "http://localhost:3332/app/MyDocs?" "Mozilla/5.0 (X11; Linux x86_64) AppleWebKit/537.36 (KHTML, like Gecko) Chrome/92.0.4515.159 Safari/537.36"
::1 - - [31/Aug/2021:09:11:12 +0000] "GET /app/MyDocs? HTTP/1.1" 200 5243 "http://localhost:3332/app/MyDocs" "Mozilla/5.0 (X11; Linux x86_64) AppleWebKit/537.36 (KHTML, like Gecko) Chrome/92.0.4515.159 Safari/537.36"
::1 - - [31/Aug/2021:09:11:12 +0000] "GET /favicon.ico HTTP/1.1" 404 3044 "http://localhost:3332/app/MyDocs?" "Mozilla/5.0 (X11; Linux x86_64) AppleWebKit/537.36 (KHTML, like Gecko) Chrome/92.0.4515.159 Safari/537.36"
::1 - - [31/Aug/2021:09:12:00 +0000] "GET /app/MyDocs? HTTP/1.1" 200 5243 "http://localhost:3332/app/MyDocs" "Mozilla/5.0 (X11; Linux x86_64) AppleWebKit/537.36 (KHTML, like Gecko) Chrome/92.0.4515.159 Safari/537.36"
::1 - - [31/Aug/2021:09:12:01 +0000] "GET /favicon.ico HTTP/1.1" 404 3044 "http://localhost:3332/app/MyDocs?" "Mozilla/5.0 (X11; Linux x86_64) AppleWebKit/537.36 (KHTML, like Gecko) Chrome/92.0.4515.159 Safari/537.36"
::1 - - [31/Aug/2021:09:12:27 +0000] "GET /app/MyDocs? HTTP/1.1" 200 5243 "http://localhost:3332/app/MyDocs" "Mozilla/5.0 (X11; Linux x86_64) AppleWebKit/537.36 (KHTML, like Gecko) Chrome/92.0.4515.159 Safari/537.36"
::1 - - [31/Aug/2021:09:12:28 +0000] "GET /favicon.ico HTTP/1.1" 404 3044 "http://localhost:3332/app/MyDocs?" "Mozilla/5.0 (X11; Linux x86_64) AppleWebKit/537.36 (KHTML, like Gecko) Chrome/92.0.4515.159 Safari/537.36"
::1 - - [31/Aug/2021:09:18:08 +0000] "GET /app/MyDocs? HTTP/1.1" 304 - "http://localhost:3332/app/MyDocs" "Mozilla/5.0 (X11; Linux x86_64) AppleWebKit/537.36 (KHTML, like Gecko) Chrome/92.0.4515.159 Safari/537.36"
::1 - - [31/Aug/2021:09:24:35 +0000] "GET /app/MyDocs? HTTP/1.1" 304 - "http://localhost:3332/app/MyDocs" "Mozilla/5.0 (X11; Linux x86_64) AppleWebKit/537.36 (KHTML, like Gecko) Chrome/92.0.4515.159 Safari/537.36"
::1 - - [31/Aug/2021:09:24:36 +0000] "GET /app/MyDocs? HTTP/1.1" 304 - "http://localhost:3332/app/MyDocs" "Mozilla/5.0 (X11; Linux x86_64) AppleWebKit/537.36 (KHTML, like Gecko) Chrome/92.0.4515.159 Safari/537.36"
::1 - - [31/Aug/2021:09:24:37 +0000] "GET /app/MyDocs? HTTP/1.1" 200 5243 "http://localhost:3332/app/MyDocs" "Mozilla/5.0 (X11; Linux x86_64) AppleWebKit/537.36 (KHTML, like Gecko) Chrome/92.0.4515.159 Safari/537.36"
::1 - - [31/Aug/2021:09:24:38 +0000] "GET /favicon.ico HTTP/1.1" 404 3044 "http://localhost:3332/app/MyDocs?" "Mozilla/5.0 (X11; Linux x86_64) AppleWebKit/537.36 (KHTML, like Gecko) Chrome/92.0.4515.159 Safari/537.36"
::1 - - [31/Aug/2021:09:27:41 +0000] "GET /app/MyDocs? HTTP/1.1" 200 5287 "http://localhost:3332/app/MyDocs" "Mozilla/5.0 (X11; Linux x86_64) AppleWebKit/537.36 (KHTML, like Gecko) Chrome/92.0.4515.159 Safari/537.36"
::1 - - [31/Aug/2021:09:27:47 +0000] "GET /app/MyDocs? HTTP/1.1" 200 5287 "http://localhost:3332/app/MyDocs" "Mozilla/5.0 (X11; Linux x86_64) AppleWebKit/537.36 (KHTML, like Gecko) Chrome/92.0.4515.159 Safari/537.36"
::1 - - [31/Aug/2021:09:27:47 +0000] "GET /favicon.ico HTTP/1.1" 404 3044 "http://localhost:3332/app/MyDocs?" "Mozilla/5.0 (X11; Linux x86_64) AppleWebKit/537.36 (KHTML, like Gecko) Chrome/92.0.4515.159 Safari/537.36"
::1 - - [31/Aug/2021:09:36:53 +0000] "GET /app/MyDocs? HTTP/1.1" 200 5368 "http://localhost:3332/app/MyDocs" "Mozilla/5.0 (X11; Linux x86_64) AppleWebKit/537.36 (KHTML, like Gecko) Chrome/92.0.4515.159 Safari/537.36"
::1 - - [31/Aug/2021:09:36:58 +0000] "GET /app/MyDocs? HTTP/1.1" 200 5368 "http://localhost:3332/app/MyDocs" "Mozilla/5.0 (X11; Linux x86_64) AppleWebKit/537.36 (KHTML, like Gecko) Chrome/92.0.4515.159 Safari/537.36"
::1 - - [31/Aug/2021:09:36:59 +0000] "GET /favicon.ico HTTP/1.1" 404 3682 "http://localhost:3332/app/MyDocs?" "Mozilla/5.0 (X11; Linux x86_64) AppleWebKit/537.36 (KHTML, like Gecko) Chrome/92.0.4515.159 Safari/537.36"
::1 - - [31/Aug/2021:09:38:21 +0000] "GET /app/MyDocs? HTTP/1.1" 200 5368 "http://localhost:3332/app/MyDocs" "Mozilla/5.0 (X11; Linux x86_64) AppleWebKit/537.36 (KHTML, like Gecko) Chrome/92.0.4515.159 Safari/537.36"
::1 - - [31/Aug/2021:09:38:21 +0000] "GET /favicon.ico HTTP/1.1" 404 3682 "http://localhost:3332/app/MyDocs?" "Mozilla/5.0 (X11; Linux x86_64) AppleWebKit/537.36 (KHTML, like Gecko) Chrome/92.0.4515.159 Safari/537.36"
::1 - - [31/Aug/2021:09:40:56 +0000] "GET /app/MyDocs? HTTP/1.1" 200 5368 "http://localhost:3332/app/MyDocs" "Mozilla/5.0 (X11; Linux x86_64) AppleWebKit/537.36 (KHTML, like Gecko) Chrome/92.0.4515.159 Safari/537.36"
::1 - - [31/Aug/2021:09:40:57 +0000] "GET /favicon.ico HTTP/1.1" 404 3682 "http://localhost:3332/app/MyDocs?" "Mozilla/5.0 (X11; Linux x86_64) AppleWebKit/537.36 (KHTML, like Gecko) Chrome/92.0.4515.159 Safari/537.36"
::1 - - [31/Aug/2021:09:41:32 +0000] "GET /app/MyDocs? HTTP/1.1" 200 5368 "http://localhost:3332/app/MyDocs" "Mozilla/5.0 (X11; Linux x86_64) AppleWebKit/537.36 (KHTML, like Gecko) Chrome/92.0.4515.159 Safari/537.36"
::1 - - [31/Aug/2021:09:41:32 +0000] "GET /favicon.ico HTTP/1.1" 404 3682 "http://localhost:3332/app/MyDocs?" "Mozilla/5.0 (X11; Linux x86_64) AppleWebKit/537.36 (KHTML, like Gecko) Chrome/92.0.4515.159 Safari/537.36"
::1 - - [31/Aug/2021:09:42:19 +0000] "GET /app/MyDocs? HTTP/1.1" 304 - "http://localhost:3332/app/MyDocs" "Mozilla/5.0 (X11; Linux x86_64) AppleWebKit/537.36 (KHTML, like Gecko) Chrome/92.0.4515.159 Safari/537.36"
::1 - - [31/Aug/2021:09:42:21 +0000] "GET /app/MyDocs? HTTP/1.1" 200 5368 "http://localhost:3332/app/MyDocs" "Mozilla/5.0 (X11; Linux x86_64) AppleWebKit/537.36 (KHTML, like Gecko) Chrome/92.0.4515.159 Safari/537.36"
::1 - - [31/Aug/2021:09:42:22 +0000] "GET /favicon.ico HTTP/1.1" 404 3682 "http://localhost:3332/app/MyDocs?" "Mozilla/5.0 (X11; Linux x86_64) AppleWebKit/537.36 (KHTML, like Gecko) Chrome/92.0.4515.159 Safari/537.36"
::1 - - [31/Aug/2021:09:44:59 +0000] "GET /app/MyDocs? HTTP/1.1" 200 5396 "http://localhost:3332/app/MyDocs" "Mozilla/5.0 (X11; Linux x86_64) AppleWebKit/537.36 (KHTML, like Gecko) Chrome/92.0.4515.159 Safari/537.36"
::1 - - [31/Aug/2021:09:44:59 +0000] "GET /favicon.ico HTTP/1.1" 404 3710 "http://localhost:3332/app/MyDocs?" "Mozilla/5.0 (X11; Linux x86_64) AppleWebKit/537.36 (KHTML, like Gecko) Chrome/92.0.4515.159 Safari/537.36"
::1 - - [31/Aug/2021:09:45:39 +0000] "GET /app/MyDocs? HTTP/1.1" 200 5396 "http://localhost:3332/app/MyDocs" "Mozilla/5.0 (X11; Linux x86_64) AppleWebKit/537.36 (KHTML, like Gecko) Chrome/92.0.4515.159 Safari/537.36"
::1 - - [31/Aug/2021:09:45:40 +0000] "GET /favicon.ico HTTP/1.1" 404 3710 "http://localhost:3332/app/MyDocs?" "Mozilla/5.0 (X11; Linux x86_64) AppleWebKit/537.36 (KHTML, like Gecko) Chrome/92.0.4515.159 Safari/537.36"
::1 - - [31/Aug/2021:09:48:47 +0000] "GET /app/MyDocs? HTTP/1.1" 200 5396 "http://localhost:3332/app/MyDocs" "Mozilla/5.0 (X11; Linux x86_64) AppleWebKit/537.36 (KHTML, like Gecko) Chrome/92.0.4515.159 Safari/537.36"
::1 - - [31/Aug/2021:09:48:48 +0000] "GET /favicon.ico HTTP/1.1" 404 3710 "http://localhost:3332/app/MyDocs?" "Mozilla/5.0 (X11; Linux x86_64) AppleWebKit/537.36 (KHTML, like Gecko) Chrome/92.0.4515.159 Safari/537.36"
::1 - - [31/Aug/2021:09:51:46 +0000] "GET /app/MyDocs? HTTP/1.1" 200 5396 "http://localhost:3332/app/MyDocs" "Mozilla/5.0 (X11; Linux x86_64) AppleWebKit/537.36 (KHTML, like Gecko) Chrome/92.0.4515.159 Safari/537.36"
::1 - - [31/Aug/2021:09:51:47 +0000] "GET /favicon.ico HTTP/1.1" 404 3710 "http://localhost:3332/app/MyDocs?" "Mozilla/5.0 (X11; Linux x86_64) AppleWebKit/537.36 (KHTML, like Gecko) Chrome/92.0.4515.159 Safari/537.36"
::1 - - [31/Aug/2021:09:52:14 +0000] "GET /app/MyDocs HTTP/1.1" 200 5396 "-" "Mozilla/5.0 (X11; Linux x86_64) AppleWebKit/537.36 (KHTML, like Gecko) Chrome/92.0.4515.159 Safari/537.36"
::1 - - [31/Aug/2021:09:57:28 +0000] "GET /app/MyDocs HTTP/1.1" 304 - "-" "Mozilla/5.0 (X11; Linux x86_64) AppleWebKit/537.36 (KHTML, like Gecko) Chrome/92.0.4515.159 Safari/537.36"
::1 - - [31/Aug/2021:09:58:07 +0000] "GET /app/MyDocs HTTP/1.1" 304 - "-" "Mozilla/5.0 (X11; Linux x86_64) AppleWebKit/537.36 (KHTML, like Gecko) Chrome/92.0.4515.159 Safari/537.36"
::1 - - [31/Aug/2021:10:07:17 +0000] "GET /app/MyDocs HTTP/1.1" 200 5396 "-" "Mozilla/5.0 (X11; Linux x86_64) AppleWebKit/537.36 (KHTML, like Gecko) Chrome/92.0.4515.159 Safari/537.36"
::1 - - [31/Aug/2021:10:07:19 +0000] "GET /favicon.ico HTTP/1.1" 404 3710 "http://localhost:3332/app/MyDocs" "Mozilla/5.0 (X11; Linux x86_64) AppleWebKit/537.36 (KHTML, like Gecko) Chrome/92.0.4515.159 Safari/537.36"
::1 - - [31/Aug/2021:10:34:06 +0000] "GET /app/MyDocs HTTP/1.1" 304 - "-" "Mozilla/5.0 (X11; Linux x86_64) AppleWebKit/537.36 (KHTML, like Gecko) Chrome/92.0.4515.159 Safari/537.36"
::1 - - [31/Aug/2021:10:34:35 +0000] "GET /app/MyDocs HTTP/1.1" 200 5396 "-" "Mozilla/5.0 (X11; Linux x86_64) AppleWebKit/537.36 (KHTML, like Gecko) Chrome/92.0.4515.159 Safari/537.36"
::1 - - [31/Aug/2021:10:34:36 +0000] "GET /favicon.ico HTTP/1.1" 404 3710 "http://localhost:3332/app/MyDocs" "Mozilla/5.0 (X11; Linux x86_64) AppleWebKit/537.36 (KHTML, like Gecko) Chrome/92.0.4515.159 Safari/537.36"
::1 - - [31/Aug/2021:10:39:25 +0000] "GET /app/MyDocs HTTP/1.1" 304 - "-" "Mozilla/5.0 (X11; Linux x86_64) AppleWebKit/537.36 (KHTML, like Gecko) Chrome/92.0.4515.159 Safari/537.36"
::1 - - [31/Aug/2021:10:47:03 +0000] "GET /app/MyDocs HTTP/1.1" 304 - "-" "Mozilla/5.0 (X11; Linux x86_64) AppleWebKit/537.36 (KHTML, like Gecko) Chrome/92.0.4515.159 Safari/537.36"
::1 - - [31/Aug/2021:10:47:06 +0000] "GET /app/MyDocs HTTP/1.1" 200 5396 "-" "Mozilla/5.0 (X11; Linux x86_64) AppleWebKit/537.36 (KHTML, like Gecko) Chrome/92.0.4515.159 Safari/537.36"
::1 - - [31/Aug/2021:10:47:12 +0000] "GET /favicon.ico HTTP/1.1" 404 3710 "http://localhost:3332/app/MyDocs" "Mozilla/5.0 (X11; Linux x86_64) AppleWebKit/537.36 (KHTML, like Gecko) Chrome/92.0.4515.159 Safari/537.36"
::1 - - [31/Aug/2021:10:48:30 +0000] "GET /app/MyDocs HTTP/1.1" 304 - "-" "Mozilla/5.0 (X11; Linux x86_64) AppleWebKit/537.36 (KHTML, like Gecko) Chrome/92.0.4515.159 Safari/537.36"
::1 - - [31/Aug/2021:10:50:55 +0000] "GET /app/MyDocs HTTP/1.1" 200 5396 "-" "Mozilla/5.0 (X11; Linux x86_64) AppleWebKit/537.36 (KHTML, like Gecko) Chrome/92.0.4515.159 Safari/537.36"
::1 - - [31/Aug/2021:10:50:59 +0000] "GET /favicon.ico HTTP/1.1" 404 3710 "http://localhost:3332/app/MyDocs" "Mozilla/5.0 (X11; Linux x86_64) AppleWebKit/537.36 (KHTML, like Gecko) Chrome/92.0.4515.159 Safari/537.36"
::1 - - [31/Aug/2021:10:52:52 +0000] "GET /app/MyDocs HTTP/1.1" 200 5396 "-" "Mozilla/5.0 (X11; Linux x86_64) AppleWebKit/537.36 (KHTML, like Gecko) Chrome/92.0.4515.159 Safari/537.36"
::1 - - [31/Aug/2021:10:52:55 +0000] "GET /favicon.ico HTTP/1.1" 404 3710 "http://localhost:3332/app/MyDocs" "Mozilla/5.0 (X11; Linux x86_64) AppleWebKit/537.36 (KHTML, like Gecko) Chrome/92.0.4515.159 Safari/537.36"
::1 - - [31/Aug/2021:10:54:04 +0000] "GET /app/MyDocs HTTP/1.1" 304 - "-" "Mozilla/5.0 (X11; Linux x86_64) AppleWebKit/537.36 (KHTML, like Gecko) Chrome/92.0.4515.159 Safari/537.36"
::1 - - [31/Aug/2021:10:56:30 +0000] "GET /app/MyDocs HTTP/1.1" 200 5396 "-" "Mozilla/5.0 (X11; Linux x86_64) AppleWebKit/537.36 (KHTML, like Gecko) Chrome/92.0.4515.159 Safari/537.36"
::1 - - [31/Aug/2021:10:56:34 +0000] "GET /favicon.ico HTTP/1.1" 404 3710 "http://localhost:3332/app/MyDocs" "Mozilla/5.0 (X11; Linux x86_64) AppleWebKit/537.36 (KHTML, like Gecko) Chrome/92.0.4515.159 Safari/537.36"
::1 - - [31/Aug/2021:10:59:10 +0000] "GET /app/MyDocs HTTP/1.1" 304 - "-" "Mozilla/5.0 (X11; Linux x86_64) AppleWebKit/537.36 (KHTML, like Gecko) Chrome/92.0.4515.159 Safari/537.36"
::1 - - [31/Aug/2021:11:01:07 +0000] "GET /app/MyDocs HTTP/1.1" 304 - "-" "Mozilla/5.0 (X11; Linux x86_64) AppleWebKit/537.36 (KHTML, like Gecko) Chrome/92.0.4515.159 Safari/537.36"
::1 - - [31/Aug/2021:11:01:08 +0000] "GET /app/MyDocs HTTP/1.1" 304 - "-" "Mozilla/5.0 (X11; Linux x86_64) AppleWebKit/537.36 (KHTML, like Gecko) Chrome/92.0.4515.159 Safari/537.36"
::1 - - [31/Aug/2021:11:03:05 +0000] "GET /app/MyDocs HTTP/1.1" 200 5396 "-" "Mozilla/5.0 (X11; Linux x86_64) AppleWebKit/537.36 (KHTML, like Gecko) Chrome/92.0.4515.159 Safari/537.36"
::1 - - [31/Aug/2021:11:03:08 +0000] "GET /favicon.ico HTTP/1.1" 404 3710 "http://localhost:3332/app/MyDocs" "Mozilla/5.0 (X11; Linux x86_64) AppleWebKit/537.36 (KHTML, like Gecko) Chrome/92.0.4515.159 Safari/537.36"
::1 - - [31/Aug/2021:11:05:37 +0000] "GET /app/MyDocs HTTP/1.1" 200 5396 "-" "Mozilla/5.0 (X11; Linux x86_64) AppleWebKit/537.36 (KHTML, like Gecko) Chrome/92.0.4515.159 Safari/537.36"
::1 - - [31/Aug/2021:11:05:43 +0000] "GET /favicon.ico HTTP/1.1" 404 3710 "http://localhost:3332/app/MyDocs" "Mozilla/5.0 (X11; Linux x86_64) AppleWebKit/537.36 (KHTML, like Gecko) Chrome/92.0.4515.159 Safari/537.36"
::1 - - [31/Aug/2021:11:10:45 +0000] "GET /app/MyDocs HTTP/1.1" 304 - "-" "Mozilla/5.0 (X11; Linux x86_64) AppleWebKit/537.36 (KHTML, like Gecko) Chrome/92.0.4515.159 Safari/537.36"
::1 - - [31/Aug/2021:11:13:31 +0000] "GET /app/MyDocs HTTP/1.1" 304 - "-" "Mozilla/5.0 (X11; Linux x86_64) AppleWebKit/537.36 (KHTML, like Gecko) Chrome/92.0.4515.159 Safari/537.36"
::1 - - [31/Aug/2021:11:24:54 +0000] "GET /app/MyDocs HTTP/1.1" 200 5396 "-" "Mozilla/5.0 (X11; Linux x86_64) AppleWebKit/537.36 (KHTML, like Gecko) Chrome/92.0.4515.159 Safari/537.36"
::1 - - [31/Aug/2021:11:25:11 +0000] "GET /app/MyDocs HTTP/1.1" 304 - "-" "Mozilla/5.0 (X11; Linux x86_64) AppleWebKit/537.36 (KHTML, like Gecko) Chrome/92.0.4515.159 Safari/537.36"
::1 - - [31/Aug/2021:11:25:55 +0000] "GET /app/MyDocs HTTP/1.1" 200 5396 "-" "Mozilla/5.0 (X11; Linux x86_64) AppleWebKit/537.36 (KHTML, like Gecko) Chrome/92.0.4515.159 Safari/537.36"
::1 - - [31/Aug/2021:11:26:04 +0000] "GET /favicon.ico HTTP/1.1" 404 3710 "http://localhost:3332/app/MyDocs" "Mozilla/5.0 (X11; Linux x86_64) AppleWebKit/537.36 (KHTML, like Gecko) Chrome/92.0.4515.159 Safari/537.36"
::1 - - [31/Aug/2021:11:41:55 +0000] "GET /app/MyDocs HTTP/1.1" 304 - "-" "Mozilla/5.0 (X11; Linux x86_64) AppleWebKit/537.36 (KHTML, like Gecko) Chrome/92.0.4515.159 Safari/537.36"
::1 - - [31/Aug/2021:11:46:02 +0000] "GET /app/MyDocs HTTP/1.1" 304 - "-" "Mozilla/5.0 (X11; Linux x86_64) AppleWebKit/537.36 (KHTML, like Gecko) Chrome/92.0.4515.159 Safari/537.36"
::1 - - [31/Aug/2021:11:51:52 +0000] "GET /app/MyDocs HTTP/1.1" 200 5438 "-" "Mozilla/5.0 (X11; Linux x86_64) AppleWebKit/537.36 (KHTML, like Gecko) Chrome/92.0.4515.159 Safari/537.36"
::1 - - [31/Aug/2021:11:56:23 +0000] "GET /app/MyDocs HTTP/1.1" 200 5439 "-" "Mozilla/5.0 (X11; Linux x86_64) AppleWebKit/537.36 (KHTML, like Gecko) Chrome/92.0.4515.159 Safari/537.36"
::1 - - [31/Aug/2021:11:56:56 +0000] "GET /app/MyDocs HTTP/1.1" 304 - "-" "Mozilla/5.0 (X11; Linux x86_64) AppleWebKit/537.36 (KHTML, like Gecko) Chrome/92.0.4515.159 Safari/537.36"
::1 - - [31/Aug/2021:11:57:08 +0000] "GET /app/MyDocs HTTP/1.1" 200 5439 "-" "Mozilla/5.0 (X11; Linux x86_64) AppleWebKit/537.36 (KHTML, like Gecko) Chrome/92.0.4515.159 Safari/537.36"
::1 - - [31/Aug/2021:11:57:11 +0000] "GET /favicon.ico HTTP/1.1" 404 3710 "http://localhost:3332/app/MyDocs" "Mozilla/5.0 (X11; Linux x86_64) AppleWebKit/537.36 (KHTML, like Gecko) Chrome/92.0.4515.159 Safari/537.36"
::1 - - [31/Aug/2021:11:59:33 +0000] "GET /app/MyDocs HTTP/1.1" 304 - "-" "Mozilla/5.0 (X11; Linux x86_64) AppleWebKit/537.36 (KHTML, like Gecko) Chrome/92.0.4515.159 Safari/537.36"
::1 - - [31/Aug/2021:12:00:56 +0000] "GET /app/MyDocs HTTP/1.1" 304 - "-" "Mozilla/5.0 (X11; Linux x86_64) AppleWebKit/537.36 (KHTML, like Gecko) Chrome/92.0.4515.159 Safari/537.36"
::1 - - [31/Aug/2021:12:02:21 +0000] "GET /app/MyDocs HTTP/1.1" 304 - "-" "Mozilla/5.0 (X11; Linux x86_64) AppleWebKit/537.36 (KHTML, like Gecko) Chrome/92.0.4515.159 Safari/537.36"
::1 - - [31/Aug/2021:12:03:20 +0000] "GET /app/MyDocs HTTP/1.1" 200 5439 "-" "Mozilla/5.0 (X11; Linux x86_64) AppleWebKit/537.36 (KHTML, like Gecko) Chrome/92.0.4515.159 Safari/537.36"
::1 - - [31/Aug/2021:12:03:26 +0000] "GET /favicon.ico HTTP/1.1" 404 3710 "http://localhost:3332/app/MyDocs" "Mozilla/5.0 (X11; Linux x86_64) AppleWebKit/537.36 (KHTML, like Gecko) Chrome/92.0.4515.159 Safari/537.36"
::1 - - [31/Aug/2021:12:04:32 +0000] "GET /app/MyDocs HTTP/1.1" 304 - "-" "Mozilla/5.0 (X11; Linux x86_64) AppleWebKit/537.36 (KHTML, like Gecko) Chrome/92.0.4515.159 Safari/537.36"
::1 - - [31/Aug/2021:12:08:25 +0000] "GET /app/home/1 HTTP/1.1" 200 5232 "http://localhost:3332/app/MyDocs" "Mozilla/5.0 (X11; Linux x86_64) AppleWebKit/537.36 (KHTML, like Gecko) Chrome/92.0.4515.159 Safari/537.36"
::1 - - [31/Aug/2021:12:08:36 +0000] "GET /app/uploads/CRA%20PointRD.xlsx%20-%20CRA.pdf HTTP/1.1" 404 3710 "http://localhost:3332/app/home/1" "Mozilla/5.0 (X11; Linux x86_64) AppleWebKit/537.36 (KHTML, like Gecko) Chrome/92.0.4515.159 Safari/537.36"
::1 - - [31/Aug/2021:12:08:52 +0000] "GET /app/uploads/hack.png HTTP/1.1" 404 3710 "http://localhost:3332/app/home/1" "Mozilla/5.0 (X11; Linux x86_64) AppleWebKit/537.36 (KHTML, like Gecko) Chrome/92.0.4515.159 Safari/537.36"
::1 - - [31/Aug/2021:12:08:53 +0000] "GET /app/uploads/hack.png HTTP/1.1" 404 3710 "http://localhost:3332/app/home/1" "Mozilla/5.0 (X11; Linux x86_64) AppleWebKit/537.36 (KHTML, like Gecko) Chrome/92.0.4515.159 Safari/537.36"
::1 - - [31/Aug/2021:12:08:53 +0000] "GET /app/uploads/hack.png HTTP/1.1" 404 3710 "http://localhost:3332/app/home/1" "Mozilla/5.0 (X11; Linux x86_64) AppleWebKit/537.36 (KHTML, like Gecko) Chrome/92.0.4515.159 Safari/537.36"
::1 - - [31/Aug/2021:12:08:54 +0000] "GET /app/uploads/hack.png HTTP/1.1" 404 3710 "http://localhost:3332/app/home/1" "Mozilla/5.0 (X11; Linux x86_64) AppleWebKit/537.36 (KHTML, like Gecko) Chrome/92.0.4515.159 Safari/537.36"
::1 - - [31/Aug/2021:12:09:55 +0000] "GET /app/MyDocs HTTP/1.1" 304 - "http://localhost:3332/app/home/1" "Mozilla/5.0 (X11; Linux x86_64) AppleWebKit/537.36 (KHTML, like Gecko) Chrome/92.0.4515.159 Safari/537.36"
::1 - - [31/Aug/2021:12:13:10 +0000] "GET /app/MyDocs HTTP/1.1" 304 - "http://localhost:3332/app/home/1" "Mozilla/5.0 (X11; Linux x86_64) AppleWebKit/537.36 (KHTML, like Gecko) Chrome/92.0.4515.159 Safari/537.36"
::1 - - [31/Aug/2021:12:14:20 +0000] "GET /app/MyDocs HTTP/1.1" 304 - "http://localhost:3332/app/home/1" "Mozilla/5.0 (X11; Linux x86_64) AppleWebKit/537.36 (KHTML, like Gecko) Chrome/92.0.4515.159 Safari/537.36"
::1 - - [31/Aug/2021:12:45:55 +0000] "GET /app/MyDocs HTTP/1.1" 304 - "http://localhost:3332/app/home/1" "Mozilla/5.0 (X11; Linux x86_64) AppleWebKit/537.36 (KHTML, like Gecko) Chrome/92.0.4515.159 Safari/537.36"
::1 - - [31/Aug/2021:13:48:23 +0000] "GET /app/MyDocs HTTP/1.1" 304 - "http://localhost:3332/app/home/1" "Mozilla/5.0 (X11; Linux x86_64) AppleWebKit/537.36 (KHTML, like Gecko) Chrome/92.0.4515.159 Safari/537.36"
::1 - - [31/Aug/2021:13:50:08 +0000] "GET /app/MyDocs HTTP/1.1" 304 - "http://localhost:3332/app/home/1" "Mozilla/5.0 (X11; Linux x86_64) AppleWebKit/537.36 (KHTML, like Gecko) Chrome/92.0.4515.159 Safari/537.36"
::1 - - [31/Aug/2021:13:50:39 +0000] "GET /app/MyDocs HTTP/1.1" 304 - "http://localhost:3332/app/home/1" "Mozilla/5.0 (X11; Linux x86_64) AppleWebKit/537.36 (KHTML, like Gecko) Chrome/92.0.4515.159 Safari/537.36"
::1 - - [31/Aug/2021:13:52:09 +0000] "GET /app/MyDocs HTTP/1.1" 304 - "http://localhost:3332/app/home/1" "Mozilla/5.0 (X11; Linux x86_64) AppleWebKit/537.36 (KHTML, like Gecko) Chrome/92.0.4515.159 Safari/537.36"
::1 - - [31/Aug/2021:13:58:38 +0000] "GET /app/MyDocs HTTP/1.1" 304 - "http://localhost:3332/app/home/1" "Mozilla/5.0 (X11; Linux x86_64) AppleWebKit/537.36 (KHTML, like Gecko) Chrome/92.0.4515.159 Safari/537.36"
::1 - - [31/Aug/2021:13:58:43 +0000] "GET /app/MyDocs HTTP/1.1" 304 - "http://localhost:3332/app/home/1" "Mozilla/5.0 (X11; Linux x86_64) AppleWebKit/537.36 (KHTML, like Gecko) Chrome/92.0.4515.159 Safari/537.36"
::1 - - [31/Aug/2021:14:05:09 +0000] "GET /app/MyDocs HTTP/1.1" 304 - "http://localhost:3332/app/home/1" "Mozilla/5.0 (X11; Linux x86_64) AppleWebKit/537.36 (KHTML, like Gecko) Chrome/92.0.4515.159 Safari/537.36"
::1 - - [31/Aug/2021:14:06:51 +0000] "GET /app/MyDocs HTTP/1.1" 304 - "http://localhost:3332/app/home/1" "Mozilla/5.0 (X11; Linux x86_64) AppleWebKit/537.36 (KHTML, like Gecko) Chrome/92.0.4515.159 Safari/537.36"
::1 - - [31/Aug/2021:14:09:21 +0000] "GET /app/MyDocs HTTP/1.1" 304 - "http://localhost:3332/app/home/1" "Mozilla/5.0 (X11; Linux x86_64) AppleWebKit/537.36 (KHTML, like Gecko) Chrome/92.0.4515.159 Safari/537.36"
::1 - - [31/Aug/2021:14:09:52 +0000] "GET /app/MyDocs HTTP/1.1" 304 - "http://localhost:3332/app/home/1" "Mozilla/5.0 (X11; Linux x86_64) AppleWebKit/537.36 (KHTML, like Gecko) Chrome/92.0.4515.159 Safari/537.36"
::1 - - [31/Aug/2021:14:12:52 +0000] "GET /app/MyDocs HTTP/1.1" 304 - "http://localhost:3332/app/home/1" "Mozilla/5.0 (X11; Linux x86_64) AppleWebKit/537.36 (KHTML, like Gecko) Chrome/92.0.4515.159 Safari/537.36"
::1 - - [31/Aug/2021:14:15:08 +0000] "GET /app/MyDocs HTTP/1.1" 302 46 "http://localhost:3332/app/home/1" "Mozilla/5.0 (X11; Linux x86_64) AppleWebKit/537.36 (KHTML, like Gecko) Chrome/92.0.4515.159 Safari/537.36"
::1 - - [31/Aug/2021:14:15:08 +0000] "GET / HTTP/1.1" 200 3356 "http://localhost:3332/app/home/1" "Mozilla/5.0 (X11; Linux x86_64) AppleWebKit/537.36 (KHTML, like Gecko) Chrome/92.0.4515.159 Safari/537.36"
::1 - - [31/Aug/2021:14:15:10 +0000] "POST /login HTTP/1.1" 302 66 "http://localhost:3332/" "Mozilla/5.0 (X11; Linux x86_64) AppleWebKit/537.36 (KHTML, like Gecko) Chrome/92.0.4515.159 Safari/537.36"
::1 - - [31/Aug/2021:14:15:10 +0000] "GET /app/home/1 HTTP/1.1" 304 - "http://localhost:3332/" "Mozilla/5.0 (X11; Linux x86_64) AppleWebKit/537.36 (KHTML, like Gecko) Chrome/92.0.4515.159 Safari/537.36"
::1 - - [31/Aug/2021:14:15:13 +0000] "GET /app/MyDocs HTTP/1.1" 200 5439 "http://localhost:3332/app/home/1" "Mozilla/5.0 (X11; Linux x86_64) AppleWebKit/537.36 (KHTML, like Gecko) Chrome/92.0.4515.159 Safari/537.36"
::1 - - [31/Aug/2021:14:16:42 +0000] "GET /app/MyDocs HTTP/1.1" 304 - "http://localhost:3332/app/home/1" "Mozilla/5.0 (X11; Linux x86_64) AppleWebKit/537.36 (KHTML, like Gecko) Chrome/92.0.4515.159 Safari/537.36"
::1 - - [31/Aug/2021:14:25:14 +0000] "GET /app/MyDocs HTTP/1.1" 200 5439 "http://localhost:3332/app/home/1" "Mozilla/5.0 (X11; Linux x86_64) AppleWebKit/537.36 (KHTML, like Gecko) Chrome/92.0.4515.159 Safari/537.36"
::1 - - [31/Aug/2021:14:25:19 +0000] "GET /favicon.ico HTTP/1.1" 404 3710 "http://localhost:3332/app/MyDocs" "Mozilla/5.0 (X11; Linux x86_64) AppleWebKit/537.36 (KHTML, like Gecko) Chrome/92.0.4515.159 Safari/537.36"
::1 - - [31/Aug/2021:14:26:01 +0000] "GET /app/MyDocs HTTP/1.1" 200 5439 "http://localhost:3332/app/home/1" "Mozilla/5.0 (X11; Linux x86_64) AppleWebKit/537.36 (KHTML, like Gecko) Chrome/92.0.4515.159 Safari/537.36"
::1 - - [31/Aug/2021:14:26:15 +0000] "GET /favicon.ico HTTP/1.1" 404 3710 "http://localhost:3332/app/MyDocs" "Mozilla/5.0 (X11; Linux x86_64) AppleWebKit/537.36 (KHTML, like Gecko) Chrome/92.0.4515.159 Safari/537.36"
::1 - - [31/Aug/2021:14:34:25 +0000] "GET /app/MyDocs HTTP/1.1" 304 - "http://localhost:3332/app/home/1" "Mozilla/5.0 (X11; Linux x86_64) AppleWebKit/537.36 (KHTML, like Gecko) Chrome/92.0.4515.159 Safari/537.36"
